layer,z_V_peak_mean,z_V_moderate_mean,z_V_neutral_mean,z_A_peak_mean,z_A_moderate_mean,z_A_neutral_mean,model_type,template
0,0.0,0.0,0.0,0.0,0.0,0.0,Base,standard
1,-3.646,-3.63,-3.951,-1.949,-1.971,-2.395,Base,standard
2,-4.35,-4.33,-4.69,-0.7993,-0.852,-1.373,Base,standard
3,-2.953,-3.021,-3.521,-0.06793,-0.1572,-0.837,Base,standard
4,0.1426,-0.09,-0.805,1.547,1.325,0.3748,Base,standard
5,-1.836,-2.072,-3.027,-5.75,-6.05,-7.23,Base,standard
6,-4.625,-4.848,-5.72,-2.87,-3.053,-4.215,Base,standard
7,-5.19,-5.414,-6.188,-4.156,-4.367,-5.414,Base,standard
8,-2.088,-2.303,-2.969,-3.342,-3.58,-4.504,Base,standard
9,-2.24,-2.555,-3.057,-5.52,-5.816,-6.707,Base,standard
10,0.5703,0.304,-0.1959,-2.242,-2.537,-3.39,Base,standard
11,-3.06,-3.309,-3.732,4.15,3.807,2.906,Base,standard
12,1.796,1.496,0.9824,1.492,1.096,0.1827,Base,standard
13,-1.897,-2.238,-2.684,-0.909,-1.3,-2.174,Base,standard
14,-1.915,-2.322,-2.775,3.184,2.705,1.769,Base,standard
15,5.23,4.81,4.316,10.875,10.39,9.38,Base,standard
16,2.453,2.1,1.584,9.984,9.516,8.49,Base,standard
17,-1.82,-2.191,-2.803,9.86,9.35,8.125,Base,standard
18,-3.361,-3.773,-4.42,8.35,7.914,6.58,Base,standard
19,-0.474,-0.978,-1.733,7.996,7.43,5.945,Base,standard
20,13.92,13.3,12.49,13.33,12.82,11.26,Base,standard
21,10.31,9.484,8.29,11.39,10.586,8.73,Base,standard
22,4.008,2.943,1.578,9.695,8.7,6.586,Base,standard
23,7.17,5.7,4.06,10.15,8.78,6.28,Base,standard
24,16.61,14.94,13.0,16.8,15.14,12.33,Base,standard
25,9.89,8.01,5.945,19.78,18.03,14.71,Base,standard
26,5.336,3.414,1.184,16.45,14.555,10.96,Base,standard
27,20.31,18.2,15.99,36.38,34.28,30.17,Base,standard
28,1.564,0.1624,-1.7705,1.572,0.338,-2.986,Base,standard
0,0.0,0.0,0.0,0.0,0.0,0.0,Base,reversed
1,-3.646,-3.63,-3.951,-1.949,-1.971,-2.395,Base,reversed
2,-4.35,-4.33,-4.69,-0.7993,-0.852,-1.373,Base,reversed
3,-2.953,-3.021,-3.521,-0.06793,-0.1572,-0.837,Base,reversed
4,0.1426,-0.09,-0.805,1.547,1.325,0.3748,Base,reversed
5,-1.836,-2.072,-3.027,-5.75,-6.05,-7.23,Base,reversed
6,-4.625,-4.848,-5.72,-2.87,-3.053,-4.215,Base,reversed
7,-5.19,-5.414,-6.188,-4.156,-4.367,-5.414,Base,reversed
8,-2.088,-2.303,-2.969,-3.342,-3.58,-4.504,Base,reversed
9,-2.24,-2.555,-3.057,-5.52,-5.816,-6.707,Base,reversed
10,0.5703,0.304,-0.1959,-2.242,-2.537,-3.39,Base,reversed
11,-3.06,-3.309,-3.732,4.15,3.807,2.906,Base,reversed
12,1.796,1.496,0.9824,1.492,1.096,0.1827,Base,reversed
13,-1.897,-2.238,-2.684,-0.909,-1.3,-2.174,Base,reversed
14,-1.915,-2.322,-2.775,3.184,2.705,1.769,Base,reversed
15,5.23,4.81,4.316,10.875,10.39,9.38,Base,reversed
16,2.453,2.1,1.584,9.984,9.516,8.49,Base,reversed
17,-1.82,-2.191,-2.803,9.86,9.35,8.125,Base,reversed
18,-3.361,-3.773,-4.42,8.35,7.914,6.58,Base,reversed
19,-0.474,-0.978,-1.733,7.996,7.43,5.945,Base,reversed
20,13.92,13.3,12.49,13.33,12.82,11.26,Base,reversed
21,10.31,9.484,8.29,11.39,10.586,8.73,Base,reversed
22,4.008,2.943,1.578,9.695,8.7,6.586,Base,reversed
23,7.17,5.7,4.06,10.15,8.78,6.28,Base,reversed
24,16.61,14.94,13.0,16.8,15.14,12.33,Base,reversed
25,9.89,8.01,5.945,19.78,18.03,14.71,Base,reversed
26,5.336,3.414,1.184,16.45,14.555,10.96,Base,reversed
27,20.31,18.2,15.99,36.38,34.28,30.17,Base,reversed
28,1.564,0.1624,-1.7705,1.572,0.338,-2.986,Base,reversed
0,0.0,0.0,0.0,0.0,0.0,0.0,Instruct,standard
1,-2.78,-2.773,-3.016,-1.736,-1.751,-2.082,Instruct,standard
2,1.32,1.275,0.945,0.9365,0.888,0.4363,Instruct,standard
3,4.97,4.758,4.332,0.2103,0.0622,-0.575,Instruct,standard
4,4.945,4.73,4.195,-2.44,-2.625,-3.488,Instruct,standard
5,6.297,6.12,5.523,0.7275,0.5757,-0.2788,Instruct,standard
6,-3.55,-3.707,-4.375,-5.67,-5.812,-6.68,Instruct,standard
7,-2.271,-2.416,-2.998,-6.887,-7.02,-7.777,Instruct,standard
8,2.293,2.14,1.66,-1.974,-2.121,-2.8,Instruct,standard
9,3.148,2.994,2.627,-0.11584,-0.2144,-0.841,Instruct,standard
10,5.027,4.86,4.465,0.43,0.2954,-0.3254,Instruct,standard
11,-8.24,-8.37,-8.81,-2.467,-2.592,-3.31,Instruct,standard
12,-12.59,-12.8,-13.25,-6.152,-6.31,-7.11,Instruct,standard
13,-7.22,-7.434,-7.867,-1.328,-1.449,-2.236,Instruct,standard
14,-8.12,-8.336,-8.8,-3.678,-3.814,-4.68,Instruct,standard
15,-6.258,-6.49,-7.004,-3.45,-3.604,-4.51,Instruct,standard
16,-6.01,-6.258,-6.777,-1.802,-1.898,-2.844,Instruct,standard
17,-2.889,-3.27,-3.807,-8.0,-8.1,-9.23,Instruct,standard
18,-5.99,-6.434,-7.035,-4.285,-4.438,-5.598,Instruct,standard
19,-2.914,-3.379,-3.992,-4.336,-4.508,-5.7,Instruct,standard
20,-6.29,-6.73,-7.47,-9.19,-9.32,-10.65,Instruct,standard
21,-6.28,-6.824,-7.723,-7.383,-7.316,-8.805,Instruct,standard
22,-9.195,-9.83,-11.0,-2.514,-2.436,-4.324,Instruct,standard
23,-21.97,-22.7,-24.16,-24.08,-23.89,-26.16,Instruct,standard
24,-15.07,-16.2,-17.84,-16.33,-15.95,-18.6,Instruct,standard
25,-13.516,-14.61,-16.52,-32.88,-32.47,-35.53,Instruct,standard
26,-20.22,-21.52,-23.61,-16.48,-15.9,-19.39,Instruct,standard
27,-23.14,-24.53,-26.98,-19.92,-19.25,-23.33,Instruct,standard
28,-13.93,-15.21,-17.9,-6.965,-6.14,-10.39,Instruct,standard
0,0.0,0.0,0.0,0.0,0.0,0.0,Instruct,reversed
1,-2.78,-2.773,-3.016,-1.736,-1.751,-2.082,Instruct,reversed
2,1.32,1.275,0.945,0.9365,0.888,0.4363,Instruct,reversed
3,4.97,4.758,4.332,0.2103,0.0622,-0.575,Instruct,reversed
4,4.945,4.73,4.195,-2.44,-2.625,-3.488,Instruct,reversed
5,6.297,6.12,5.523,0.7275,0.5757,-0.2788,Instruct,reversed
6,-3.55,-3.707,-4.375,-5.67,-5.812,-6.68,Instruct,reversed
7,-2.271,-2.416,-2.998,-6.887,-7.02,-7.777,Instruct,reversed
8,2.293,2.14,1.66,-1.974,-2.121,-2.8,Instruct,reversed
9,3.148,2.994,2.627,-0.11584,-0.2144,-0.841,Instruct,reversed
10,5.027,4.86,4.465,0.43,0.2954,-0.3254,Instruct,reversed
11,-8.24,-8.37,-8.81,-2.467,-2.592,-3.31,Instruct,reversed
12,-12.59,-12.8,-13.25,-6.152,-6.31,-7.11,Instruct,reversed
13,-7.22,-7.434,-7.867,-1.328,-1.449,-2.236,Instruct,reversed
14,-8.12,-8.336,-8.8,-3.678,-3.814,-4.68,Instruct,reversed
15,-6.258,-6.49,-7.004,-3.45,-3.604,-4.51,Instruct,reversed
16,-6.01,-6.258,-6.777,-1.802,-1.898,-2.844,Instruct,reversed
17,-2.889,-3.27,-3.807,-8.0,-8.1,-9.23,Instruct,reversed
18,-5.99,-6.434,-7.035,-4.285,-4.438,-5.598,Instruct,reversed
19,-2.914,-3.379,-3.992,-4.336,-4.508,-5.7,Instruct,reversed
20,-6.29,-6.73,-7.47,-9.19,-9.32,-10.65,Instruct,reversed
21,-6.28,-6.824,-7.723,-7.383,-7.316,-8.805,Instruct,reversed
22,-9.195,-9.83,-11.0,-2.514,-2.436,-4.324,Instruct,reversed
23,-21.97,-22.7,-24.16,-24.08,-23.89,-26.16,Instruct,reversed
24,-15.07,-16.2,-17.84,-16.33,-15.95,-18.6,Instruct,reversed
25,-13.516,-14.61,-16.52,-32.88,-32.47,-35.53,Instruct,reversed
26,-20.22,-21.52,-23.61,-16.48,-15.9,-19.39,Instruct,reversed
27,-23.14,-24.53,-26.98,-19.92,-19.25,-23.33,Instruct,reversed
28,-13.93,-15.21,-17.9,-6.965,-6.14,-10.39,Instruct,reversed
