layer,direction,UB_V,UB_A,UB_WC,r2_direct,ibc_V_direct,ibc_A_direct,ibc_WC_direct,r2_ortho,ibc_V_ortho,ibc_A_ortho,ibc_WC_ortho,r2_ridge,ibc_V_ridge,ibc_A_ridge,ibc_WC_ridge
0,Base2Inst,,,,0.0013020833721384406,,,,0.0,,,,1.0,,,
0,Inst2Base,,,,0.0013020833721384406,,,,0.0,,,,1.0,,,
1,Base2Inst,0.035239670024688266,-0.13137581822481412,0.7166256354305811,-734.2265625,0.07255495152994958,-0.10944179053171545,0.6448143701671495,-48.15644073486328,0.11380318837338897,-0.12899961369448112,0.6666122491570492,0.5553752183914185,0.06621018580208174,-0.13712036372923642,0.6343807185460169
1,Inst2Base,0.13882098882846466,0.19903691013648558,0.736645798360658,-383.3960876464844,0.1147184604629261,0.18728328170499506,0.6875247301262964,-24.698793411254883,0.10345341858468453,0.1992735028388114,0.7713693737437927,0.5350580811500549,0.13312053152438097,0.22215176359052527,0.7621622574999304
2,Base2Inst,-0.13568628426272242,-0.10115048317513584,0.8493483481853084,-554.4773559570312,0.026088078041003437,-0.15544877639929583,0.6539584465626367,-32.79108810424805,0.06775090774923481,-0.14577238688357932,0.786125366133896,0.5368642210960388,0.04184923840055768,-0.08873487281196762,0.8089767894599093
2,Inst2Base,0.08822107387909006,0.23737571801946544,0.8333322788648999,-306.1563415527344,0.13186085374598716,0.20576803204181476,0.7967460008539118,-17.68209457397461,-0.08018092108455986,0.14012739021343987,0.861116833209133,0.49170514941215515,0.0880230386208403,0.21085479254035305,0.8367653097572865
3,Base2Inst,-0.299058681914196,-0.07025857357352244,0.8733489813763302,-277.4608154296875,0.10849209696682806,-0.17917992764153934,0.8118239532711374,-3.9874789714813232,-0.014641552197734636,-0.13081232485610006,0.7755444901161085,0.6072694063186646,-0.13863602552503412,-0.05333524875844202,0.8732914336518806
3,Inst2Base,0.024528113079727545,0.2521254948073173,0.8208319652336391,-323.52734375,-0.05400168550228699,0.15894844317561654,0.8643519543517985,-4.818838596343994,-0.2211074609830644,0.09029218400537706,0.8650267440622603,0.5220608115196228,-0.003953342165849037,0.19559793280753265,0.8730949281549439
4,Base2Inst,-0.21100372268389717,-0.10519598738850013,0.9038275235814854,-186.92396545410156,0.22101821015444537,-0.16781798746548635,0.6676206106345799,-1.564123272895813,0.05040890189798359,-0.12439788057095577,0.7970999980822748,0.5400111079216003,0.036465507544802656,-0.13674947972120988,0.8687609009676004
4,Inst2Base,0.025140019510703816,0.23474103618893494,0.8518210535098347,-234.8606414794922,0.08652815782576304,0.2606551323425729,0.8179361794979562,-2.215691566467285,-0.0703348534581431,0.2710352434982184,0.8859283564197095,0.5466320514678955,0.012582076478497867,0.24919336536338568,0.86019327242354
5,Base2Inst,-0.14547011659619238,-0.13678998274238516,0.9157818158991269,-180.53208923339844,0.18668559925296854,-0.10537114925680902,0.691020984638228,-2.844132661819458,0.02011561601605473,-0.11061904590213993,0.7827808084807788,0.5899619460105896,0.08765228991159743,-0.17553423682882216,0.8839274235288658
5,Inst2Base,-0.009964492658409062,0.21229744998103245,0.8675803476845044,-173.80606079101562,-0.2586774530141607,0.05792497119894426,0.8139190518361448,-2.702483654022217,-0.025811058994165834,0.30546199924920275,0.9060961683792402,0.5835577845573425,-0.028447889548624906,0.25907257838947,0.878510004539345
6,Base2Inst,-0.1185107985005006,-0.21109214980179916,0.9231996581660282,-179.6397705078125,0.31141390832178334,-0.04836133584493442,0.5324957110575151,0.02655402012169361,0.05725643285099826,-0.1412843722855301,0.7834760725985837,0.5966508984565735,0.1022459275045518,-0.17370531638252243,0.8875940280158682
6,Inst2Base,0.009331275692271318,0.18358401847410757,0.8668621551634998,-158.7976531982422,-0.07693310027109847,0.045151478454536126,0.8405282538400722,0.13714328408241272,-0.013119952552902603,0.2741403890034634,0.9105753365806261,0.5942678451538086,0.003841335375676403,0.24073240344047905,0.8814154466102198
7,Base2Inst,-0.12384506468716913,-0.19862163607522162,0.9291338107676621,-203.30157470703125,0.3249794288570436,-0.05965359710712147,0.7968330663580501,-1.5672380924224854,0.050724080730208676,-0.1420430051945753,0.8060510325290275,0.5830512046813965,0.11247330069509584,-0.19708866791612825,0.9029384868912669
7,Inst2Base,-0.0047067505184758855,0.19705850591354213,0.8785001574213739,-179.69998168945312,-0.011830322582201739,0.20230801712415916,0.857631261422416,-1.2731510400772095,-0.010568174445531915,0.28938620314658153,0.9169303584534686,0.562867283821106,-0.010850463366470236,0.26995563888200863,0.875375946106891
8,Base2Inst,-0.14202621180839942,-0.1972709385055773,0.9338466700505977,-231.13150024414062,0.312222846940712,-0.13494348529525205,0.7553023168341951,-1.6271800994873047,0.053866041139790724,-0.1363110381961338,0.8222927800689336,0.5622692704200745,0.09972125952408577,-0.20034324038093407,0.9029843387413081
8,Inst2Base,0.010392920968762336,0.23827180512167742,0.8860423372095522,-181.6134033203125,-0.003087847774848654,0.3093695417414146,0.8774317493029572,-1.0677560567855835,-0.016234123004582282,0.3036700135427834,0.9283501160875206,0.5512861013412476,0.023536974895056805,0.29429341391822106,0.8794740030684333
9,Base2Inst,-0.10660736430073513,-0.2701953005907361,0.9423766851842235,-243.24998474121094,0.23801852658789271,-0.139453706871922,0.6246316818311485,-4.793442726135254,0.03617116483833441,-0.14785738156653785,0.8148604160266647,0.5580816268920898,0.11008524003685785,-0.25412843389295714,0.9312419292167929
9,Inst2Base,0.07162162420683282,0.2557084142410857,0.8798830243411825,-161.3954620361328,0.05505571072453294,0.2648083792328052,0.9000863515544975,-2.853405714035034,0.04451272306363328,0.28557146146240103,0.9348749057150347,0.4992501139640808,0.09606935345488012,0.3053005589484819,0.8707182830165162
10,Base2Inst,-0.07673360163809538,-0.2421165518002889,0.9316650116777611,-251.6175994873047,-0.06432681224167264,-0.1633890800338283,0.6037007857878651,-7.847354888916016,0.019148175716778546,-0.13688596890323715,0.8530255445865684,0.5300371050834656,0.09393331893994393,-0.23197391847412763,0.9269697702880246
10,Inst2Base,0.09500202631852589,0.2908524925980646,0.8999998826383995,-154.95428466796875,0.12387678508116284,0.2984851510891119,0.868319453016574,-4.462280750274658,0.08274503941370041,0.33133679131322863,0.9269998021039338,0.4990987479686737,0.1364843891218667,0.33472448531884114,0.8727400722943097
11,Base2Inst,0.0625387763069739,-0.17006402499522683,0.9185038475494944,-193.37564086914062,0.10269865794919081,-0.11289972741843439,0.8020636498787034,-5.85518741607666,0.0861384577830849,-0.09989725684574316,0.8884219699661585,0.483760267496109,0.18335380626709735,-0.17391354880573306,0.9364822705264663
11,Inst2Base,0.06799884836223642,0.34385509178686813,0.9240775943089268,-144.55039978027344,-0.027118553357551534,0.232029328785619,0.8540506553641398,-4.135288715362549,0.09003038740441727,0.3835292071973306,0.8977774814886494,0.477014422416687,0.04587049506214301,0.3100974341438439,0.8752384019103502
12,Base2Inst,-0.0007999872546469225,-0.21880275694143647,0.9322200391980339,-159.72467041015625,0.08669315492452978,-0.16527073120636224,0.7626743902567343,-0.04218118265271187,0.1704897473175277,-0.11603546293398169,0.8644199513679734,0.46196770668029785,0.21086741781179819,-0.1654825968387234,0.9351620285431843
12,Inst2Base,0.06163112961879607,0.2853255003729813,0.9151743156859434,-135.588623046875,-0.08909441797567084,0.25870870555767383,0.803233469645512,0.11665119230747223,0.026988488919920683,0.335375782187497,0.914065918005833,0.5074777603149414,0.004498384814483976,0.2167803051136064,0.8932013717978939
13,Base2Inst,-0.028148343304305722,-0.19127887815264324,0.915688835017182,-164.92178344726562,-0.006192015870832076,-0.09834474204360445,0.7336038272265248,-1.7423650026321411,0.16756005103275765,-0.12989780634166279,0.8580505780394059,0.47030189633369446,0.1522080732537752,-0.1845071619227216,0.9322467874941863
13,Inst2Base,0.07085413308481503,0.2744533958554312,0.9135973957302065,-133.58895874023438,-0.11000638241954402,0.21247017042250482,0.7420338764253194,-1.2260068655014038,-0.03712706131440116,0.3226427733600262,0.8878814587143415,0.4792928695678711,-0.021487625889549646,0.19614312478169157,0.8888385184760791
14,Base2Inst,-0.013274280380825017,-0.18604773508564507,0.9200517975040399,-159.6080780029297,0.04897907720925744,0.05430114593462464,0.8192053622156733,-0.5974292755126953,0.14518763833624204,-0.11403121453308972,0.8839963605121276,0.4767429232597351,0.15824248039516078,-0.1362638044506121,0.9337283120297911
14,Inst2Base,0.0746090462574267,0.28452186903108306,0.9228768081995815,-126.23207092285156,-0.02462090427011979,0.34029864684563943,0.7729179952337368,-0.2682704031467438,-0.014759626710025196,0.339157292577926,0.8740519380867647,0.4816876947879791,-0.04018524245955572,0.18799656593046601,0.9166620432860279
15,Base2Inst,-0.01828373915631993,-0.1959491664344724,0.9193006327556392,-162.82200622558594,-0.06390290258645494,0.10830376410985008,0.8176464305955956,-1.2652242183685303,0.10615235945857068,-0.13354781395646975,0.8730676641360648,0.4862276613712311,0.07844621977620257,-0.1412700667937838,0.9370854939343587
15,Inst2Base,0.039488770333201986,0.29997400080318,0.9212955738973078,-125.08424377441406,0.0254721963748825,0.25828160675484696,0.8181068293517992,-0.7427115440368652,0.03528257046632922,0.32410806927715796,0.8773413934464651,0.47148817777633667,-0.016110393827689022,0.1749573732942348,0.9137233886927855
16,Base2Inst,-0.01749281848624753,-0.22943335697864628,0.9128282205772795,-152.0205841064453,0.05762396421292664,-0.031080547157971133,0.6856431801425106,-0.30032965540885925,0.051251448698043836,-0.12336404637153796,0.8772344789236904,0.4926415681838989,0.02055702041103696,-0.1564103054445219,0.9284115025915155
16,Inst2Base,-0.0005362310375590767,0.25880930455254897,0.9174217274988676,-109.90019989013672,-0.03867774490032457,0.09798394744113623,0.8429629468200165,0.06052037701010704,-0.009055446134797375,0.24743488747239797,0.8863147284599637,0.4782663881778717,-0.02968594714787244,0.15601161773561065,0.9005138604823488
17,Base2Inst,-0.14146786917499496,-0.18502927638655184,0.9058243015817523,-117.83486938476562,-0.10297573795314009,-0.23996873854076214,0.5056411937071011,-0.95761638879776,-0.0693401656450454,-0.19609441419362675,0.84290867066305,0.48005667328834534,-0.0673737307105837,-0.14912817089182126,0.8938474305662644
17,Inst2Base,-0.0786569687177777,0.2038409032777212,0.8538343341307392,-89.10646057128906,-0.13248852506803221,0.12704407200000578,0.7495322919386523,-0.4844982624053955,-0.11681312905367217,0.2397444760042752,0.8805276078428975,0.4794817268848419,-0.1235086993668822,0.1722915983304783,0.8839520205667808
18,Base2Inst,-0.11995343470468545,-0.18908072664387007,0.8976201494089902,-110.09672546386719,-0.1335551835311283,-0.1865503826733807,0.5609085636166382,-1.8873417377471924,-0.05372684334643299,-0.2030807064387304,0.8754644776075899,0.42783233523368835,-0.08680110792351475,-0.18144017673948873,0.8855070748293115
18,Inst2Base,-0.04660317345431022,0.20057691560544658,0.8691535053327457,-81.93743133544922,-0.13119841102384971,0.12475113117173042,0.7683570568897041,-1.159524917602539,-0.10420046164726289,0.25257128042462723,0.8656053245262771,0.4693615734577179,-0.09956932805466207,0.19068628504300716,0.8816989366965289
19,Base2Inst,-0.11716812983524975,-0.16584444208688043,0.9006972460390129,-108.05485534667969,-0.026052604375222912,-0.19523554853945735,0.6789054422389165,-3.3276915550231934,0.004476180952325818,-0.2078887534745568,0.8710046917186793,0.43201932311058044,-0.07386698297587933,-0.17313613013015802,0.8804315452818149
19,Inst2Base,-0.005021141765886226,0.21472519948414925,0.8532823604400476,-76.83411407470703,-0.15930677356174078,0.1879243851789398,0.7517881491746554,-2.0918915271759033,-0.10072427687535337,0.2784739298187265,0.8716475100968826,0.45154857635498047,-0.054553552122281475,0.20734053686940415,0.8916865550103438
20,Base2Inst,-0.12477307832771756,-0.13943705484713934,0.9157977270635391,-83.1508560180664,-0.17448319008987934,-0.22222232073046191,0.6736046706987925,-0.11702193319797516,-0.012537219561554697,-0.22283959160605082,0.8657905271356519,0.4258853793144226,-0.1067710269824296,-0.17150839719641825,0.8799915970834628
20,Inst2Base,-0.010522330510279185,0.19959809180733817,0.8511881051721781,-66.87796783447266,-0.059298664981005285,0.15057863627728962,0.7653541202796481,0.09772554785013199,-0.0962083845724485,0.2413064348347945,0.8902597910684829,0.4314960539340973,-0.09617590985840106,0.2221918089011652,0.9057556633924364
21,Base2Inst,-0.3404567670293985,-0.2096346210999727,0.9004856040016163,-76.1483383178711,-0.07961942111947498,-0.2546874953107113,0.7018963502930484,-4.226408004760742,-0.0017026912965610154,-0.24682869478378552,0.791684255440137,0.47194379568099976,-0.19510398844076574,-0.27452931296058125,0.8403245002275299
21,Inst2Base,-0.05069495377814254,0.1734700468572567,0.8318513019922223,-61.96778869628906,-0.45556621525489577,-0.03780681381859729,0.7650276202842954,-3.268617630004883,-0.3169789997257798,0.1573979712103098,0.8709806213374827,0.3920077085494995,-0.1897438118090008,0.1510555016180064,0.8951564245618204
22,Base2Inst,-0.3146763532855943,-0.21326457670561605,0.9070108403080674,-66.59062194824219,-0.08003027774393957,-0.31364100055489474,0.7343850773028117,-2.052800416946411,0.06043351618603478,-0.19991736193467916,0.752702819687161,0.45538026094436646,-0.12365096075725439,-0.2498387581600212,0.8028309268978077
22,Inst2Base,-0.014961674887417047,0.17311032617496377,0.7873720638563908,-52.32506561279297,-0.4119721489746362,-0.05451219518948812,0.7368761063601007,-1.4063621759414673,-0.28371318419808655,0.13571734887156914,0.8567118083041306,0.34015804529190063,-0.08865126529330428,0.1763532765127201,0.9023730298194705
23,Base2Inst,-0.3332481970506748,-0.23780461694316102,0.9053511387544394,-64.20804595947266,-0.08844256748426617,-0.2339052430131896,0.6127701779201862,-2.8889353275299072,0.04883276501720215,-0.17164323994657327,0.6904351306273884,0.45113909244537354,-0.09785423071289931,-0.25693699231978934,0.7818050654532323
23,Inst2Base,-0.023982206735058735,0.17782012310433357,0.7581319858049086,-48.918678283691406,-0.40314464332705435,-0.0747297268189353,0.7164282179396816,-1.9728283882141113,-0.2996098152542801,0.10378160266234078,0.8433140077236982,0.3192566931247711,-0.0767484630209352,0.16020232746090057,0.8946144351907468
24,Base2Inst,-0.35284285540143573,-0.24732201227528403,0.9053180004465613,-60.479183197021484,-0.03354547906963449,-0.16974945387002227,0.5780197484974017,-2.128082275390625,0.04688072175106644,-0.10809621004913716,0.5929836303954413,0.45669662952423096,-0.16443848861360705,-0.27073393998752815,0.7727501137931174
24,Inst2Base,-0.02862988223401692,0.20008107487246743,0.7494479465712959,-48.43168258666992,-0.3751894973022635,-0.0685574711946655,0.6636790970752744,-1.5138065814971924,-0.3119199933154747,0.08174989227094354,0.830398782673018,0.3110470473766327,-0.061785331397486765,0.1688718795158599,0.8980396282675864
25,Base2Inst,-0.3388943042251635,-0.2435013248254227,0.9142470187771744,-65.10743713378906,-0.011663122176496125,-0.1749064447886712,0.4486377469528254,-3.7861411571502686,0.08795638995257937,-0.11846855504717735,0.5453055219012214,0.4037444293498993,-0.04689363130399932,-0.2230380278072473,0.7529908190772477
25,Inst2Base,-0.009883385352078345,0.21006602161565952,0.6892607623160826,-45.75223922729492,-0.37252492976378615,-0.08526738864592456,0.6196002559074778,-2.3874335289001465,-0.3065635519615611,0.09368375412577631,0.803214467836326,0.25603508949279785,-0.14464735849332402,0.1193024183703403,0.8748356976480278
26,Base2Inst,-0.32939968989148244,-0.2440341725275322,0.9068904966449485,-60.02671813964844,-0.04134316598547208,-0.19256170161550418,0.5042433295902675,-2.4502627849578857,0.0832504912958573,-0.13451307259148484,0.46989519540473157,0.39805808663368225,-0.03811805803150018,-0.24262165464535326,0.7399537084085237
26,Inst2Base,-0.014350874048698621,0.22676815330804542,0.6679988714781708,-43.7221565246582,-0.3605326213115919,-0.058289982182232206,0.6986660160970192,-1.5289791822433472,-0.30836281718322667,0.11130660232559829,0.8091157882749606,0.23178918659687042,-0.13296059523871445,0.11720564784265317,0.8734492787158854
27,Base2Inst,-0.31867529505019704,-0.23733524073064843,0.8863513704280438,-61.65767288208008,-0.05013923595184443,-0.14969449245788963,0.08187316089107999,-6.282081604003906,0.1011398576928409,-0.12113407862260377,0.3345256638393783,0.36934322118759155,0.0014358617403432172,-0.1949188988479195,0.698582140581614
27,Inst2Base,0.03297936283847808,0.2622530691350791,0.6059469096143157,-31.208372116088867,-0.3399463028512897,-0.003074238124963774,0.6133867102323647,-2.741650342941284,-0.2831186916820381,0.10156168855620899,0.7863039612594281,0.16724592447280884,-0.09949696089846069,0.10360756893851683,0.872718080456336
28,Base2Inst,-0.24941913975229632,-0.2683768482947004,0.8689759463357061,-48.225433349609375,0.10518071147868405,-0.14121217061657812,0.020352373386436855,-1.8092836141586304,0.09377166997419013,-0.18427349793707462,0.3427067978697113,0.34200096130371094,0.09460639612757142,-0.2766686747772937,0.6815237749881263
28,Inst2Base,0.021731612726087545,0.15998778316862228,0.5339675606460401,-55.24557876586914,-0.38297023342563097,-0.001384551506978401,0.5942403195278533,-2.2066702842712402,-0.2604234303131321,0.07600560943506651,0.7618308700355901,0.15791335701942444,-0.0637177290619028,0.08513263695554547,0.8685970861231181
