layer,component,is_confirmatory,mean_probe_necessity,mean_neutralization_ratio,mean_neutral_mean_control,mean_matched_substitution,z_score_iso,p_value_iso,null_mu_iso,null_sig_iso,z_score_perp,p_value_perp,null_mu_perp,null_sig_perp,model_name,fdr_q_iso,fdr_sig_iso,fdr_q_perp,fdr_sig_perp,fdr_q_joint_168_iso,fdr_q_joint_168_perp,fdr_sig_joint_168
0,mlp,False,0.0077760665098166,-0.1394058596451234,0.0084029364133058,0.0080746719748673,0.9861442104166388,0.238095238095238,0.0071684016605982,0.0006162028259148,0.6035337638074593,0.3809523809523809,0.0073707832338346,0.0006715171549395,Qwen/Qwen2.5-1.5B-Instruct,0.927536231884058,False,0.8571428571428571,False,0.897196261682243,0.897196261682243,False
0,attn,False,0.0074625248186911,-1.811698195774448,0.0079154666855496,0.0085147007514328,0.4519894966693558,0.4285714285714285,0.0071814295947803,0.0006219065398246,0.0971940586082776,0.4761904761904761,0.0073923759145204,0.0007217406616739,Qwen/Qwen2.5-1.5B-Instruct,0.927536231884058,False,0.8571428571428571,False,0.897196261682243,0.897196261682243,False
0,resid,False,0.0082392181531948,-2.8254996363037685,0.0081246948650068,0.0090809161938225,1.1047807432700292,0.1904761904761904,0.0075431362014881,0.0006300634365207,1.1463930257745,0.238095238095238,0.0075188834056661,0.0006283488570964,Qwen/Qwen2.5-1.5B-Instruct,0.927536231884058,False,0.8571428571428571,False,0.897196261682243,0.897196261682243,False
1,mlp,False,0.0071859953224043,-2.0141662124371127,0.007855882677455,0.0076027525582274,-0.6015825360241956,0.7142857142857143,0.0075501385686097,0.0006053088718499,-0.0172667777570481,0.5714285714285714,0.0071963698081358,0.000600835076322,Qwen/Qwen2.5-1.5B-Instruct,0.927536231884058,False,0.8571428571428571,False,0.9343065693430657,0.897196261682243,False
1,attn,False,0.0078224029512502,-1.8240156214195056,0.0089474807112011,0.0078006341601235,0.90265812870641,0.1904761904761904,0.0073458986999401,0.0005278900573277,1.3146173912404813,0.1428571428571428,0.0071721415072614,0.0004946393135535,Qwen/Qwen2.5-1.5B-Instruct,0.927536231884058,False,0.8571428571428571,False,0.897196261682243,0.897196261682243,False
1,resid,False,0.0073586855317152,-1.8736647046071295,0.0092967009294979,0.0089729934110084,0.4294909713288187,0.4285714285714285,0.0071564046864371,0.0004709781084622,0.2733216182585214,0.4285714285714285,0.0072065201173079,0.0005567265969549,Qwen/Qwen2.5-1.5B-Instruct,0.927536231884058,False,0.8571428571428571,False,0.897196261682243,0.897196261682243,False
2,mlp,False,0.0076974192338752,-1.945641303785253,0.0090959156406647,0.0086547565919193,0.7434946986888019,0.238095238095238,0.007259773529461,0.0005886332547979,0.9416403243502032,0.1904761904761904,0.0072605325779703,0.0004639634100275,Qwen/Qwen2.5-1.5B-Instruct,0.927536231884058,False,0.8571428571428571,False,0.897196261682243,0.897196261682243,False
2,attn,False,0.0074409299638244,-0.7218750121617139,0.0104587358067568,0.0081809490913041,0.3424845717078282,0.3333333333333333,0.0072667241070809,0.0005086531515121,-0.1130380885963736,0.6666666666666666,0.0075007707041863,0.0005293856354524,Qwen/Qwen2.5-1.5B-Instruct,0.927536231884058,False,0.875,False,0.897196261682243,0.9256198347107438,False
2,resid,False,0.0073634906982649,0.2372329931910786,0.0080593176973932,0.0083358774824735,0.1487258154630928,0.4285714285714285,0.0072754918043177,0.0005916854022502,0.1881164011602308,0.3809523809523809,0.0072640686283843,0.000528513565364,Qwen/Qwen2.5-1.5B-Instruct,0.927536231884058,False,0.8571428571428571,False,0.897196261682243,0.897196261682243,False
3,mlp,False,0.0073287825926313,-0.9416210138945114,0.0112245335219746,0.0095689286813702,0.1293211187384423,0.4285714285714285,0.0072575921697632,0.0005504934040361,-0.2161909656386143,0.6666666666666666,0.0074675919620503,0.0006420683168186,Qwen/Qwen2.5-1.5B-Instruct,0.927536231884058,False,0.875,False,0.897196261682243,0.9256198347107438,False
3,attn,False,0.0064672269351673,-1.4907551774667205,0.0073422850615064,0.0082397973117594,-1.6551426779202814,0.9523809523809524,0.007311167020272,0.000509889628467,-1.3212936869332952,0.8571428571428571,0.0072940678435516,0.0006257813206565,Qwen/Qwen2.5-1.5B-Instruct,0.9876543209876544,False,0.9863013698630136,False,0.9876543209876543,0.9876543209876543,False
3,resid,False,0.0078513066659778,-2.0578462172007104,0.0123324224092389,0.0110773300347808,0.8262485245427404,0.238095238095238,0.0073751267108763,0.0005763156495377,1.058371504909416,0.1904761904761904,0.0072578121326511,0.0005607620108568,Qwen/Qwen2.5-1.5B-Instruct,0.927536231884058,False,0.8571428571428571,False,0.897196261682243,0.897196261682243,False
4,mlp,False,0.0065081211285421,-1.1808861238109516,0.0105219293756512,0.0097356345870795,-1.901498518740233,1.0,0.0073539770317167,0.0004448364775666,-1.6814119680498398,0.9047619047619048,0.0073824489875945,0.0005199962148874,Qwen/Qwen2.5-1.5B-Instruct,1.0,False,0.987012987012987,False,1.0,0.9876543209876543,False
4,attn,False,0.0069997031471901,-1.2555903161317912,0.0089462772137134,0.0081657366027433,-0.2023070034712795,0.5714285714285714,0.0071283650326268,0.0006359734622579,-0.1630294678430195,0.5238095238095238,0.0070820010784356,0.0005048040230658,Qwen/Qwen2.5-1.5B-Instruct,0.927536231884058,False,0.8571428571428571,False,0.897196261682243,0.897196261682243,False
4,resid,False,0.0075517262438474,-2.57516756862247,0.0108385394972399,0.0093919906940037,1.0740214915463069,0.1904761904761904,0.0071522142545902,0.0003719776488661,0.3329766022957439,0.3809523809523809,0.007340393629209,0.0006346770709452,Qwen/Qwen2.5-1.5B-Instruct,0.927536231884058,False,0.8571428571428571,False,0.897196261682243,0.897196261682243,False
5,mlp,False,0.0072199809812391,-3.272676575093305,0.0111868426735694,0.0089942441279768,0.0110505661436443,0.5714285714285714,0.0072126695133451,0.0006616374038175,0.1667332185785675,0.4761904761904761,0.0071529434371388,0.0004020647155486,Qwen/Qwen2.5-1.5B-Instruct,0.927536231884058,False,0.8571428571428571,False,0.897196261682243,0.897196261682243,False
5,attn,False,0.007552185112879,-3.122670557251108,0.0090619286481952,0.0084108527164,0.7670155545111434,0.238095238095238,0.0071350806324171,0.0005438018538328,0.6896497282686403,0.2857142857142857,0.0071091881189025,0.0006423507119891,Qwen/Qwen2.5-1.5B-Instruct,0.927536231884058,False,0.8571428571428571,False,0.897196261682243,0.897196261682243,False
5,resid,False,0.007008985494486,-1.0955790637442628,0.0109117962120678,0.0087113215726257,-0.3941888772314793,0.7619047619047619,0.0072332106354904,0.0005688266563459,-0.1419151494929286,0.5238095238095238,0.007108062097602,0.0006981397227147,Qwen/Qwen2.5-1.5B-Instruct,0.927536231884058,False,0.8571428571428571,False,0.9343065693430657,0.897196261682243,False
6,mlp,False,0.0081573903524116,-2.5119475134744507,0.0084481152472523,0.0090708313618512,1.6474140608026635,0.0476190476190476,0.0071831933875582,0.0005913491866026,2.1290343618035634,0.0476190476190476,0.0071251622094927,0.0004848339516909,Qwen/Qwen2.5-1.5B-Instruct,0.927536231884058,False,0.8571428571428571,False,0.897196261682243,0.897196261682243,False
6,attn,False,0.006793962447675,-1.5271756504612608,0.0089638324894247,0.0082301545154525,-1.0162108623718016,0.8571428571428571,0.007161636312932,0.0003618086352657,-1.053636965448313,0.8095238095238095,0.0071762065297386,0.0003627853754172,Qwen/Qwen2.5-1.5B-Instruct,0.9876543209876544,False,0.9714285714285714,False,0.9876543209876543,0.9784172661870504,False
6,resid,False,0.0077282261305689,-3.1259565620138976,0.0090561983097601,0.0084942423217445,0.9795406882971088,0.238095238095238,0.0071864861970034,0.0005530550594149,0.7764632557050319,0.238095238095238,0.007276748053774,0.0005814545292101,Qwen/Qwen2.5-1.5B-Instruct,0.927536231884058,False,0.8571428571428571,False,0.897196261682243,0.897196261682243,False
7,mlp,True,0.0072086779076161,-2.086889816602333,0.0078287393067819,0.0078252914435856,0.536953559196583,0.3809523809523809,0.0069649949379725,0.0004538250384412,0.0908367384218884,0.4285714285714285,0.0071729083045774,0.0003937790332425,Qwen/Qwen2.5-1.5B-Instruct,0.927536231884058,False,0.8571428571428571,False,0.897196261682243,0.897196261682243,False
7,attn,True,0.0078829858721341,-2.155542874815694,0.0079213680367996,0.0080937989676836,1.950590386364611,0.0476190476190476,0.0070047573775184,0.0004502372721381,1.9158246313376128,0.0952380952380952,0.0069537667608866,0.0004850230527617,Qwen/Qwen2.5-1.5B-Instruct,0.927536231884058,False,0.8571428571428571,False,0.897196261682243,0.897196261682243,False
7,resid,True,0.0070530888460368,-0.8771135108976341,0.0083540252542375,0.0077925361791837,-0.3044604476986603,0.6666666666666666,0.0071792570697419,0.0004143993896701,0.1637344698841089,0.3809523809523809,0.006965580024974,0.0005344557021182,Qwen/Qwen2.5-1.5B-Instruct,0.927536231884058,False,0.8571428571428571,False,0.9256198347107438,0.897196261682243,False
8,mlp,False,0.0064518717558649,-1.9832671806621367,0.0072841171188591,0.0069202954665785,-0.7290128066978991,0.7142857142857143,0.0068428094415431,0.0005362562661264,-1.1253142035540458,0.8571428571428571,0.0070595755683248,0.0005400303404512,Qwen/Qwen2.5-1.5B-Instruct,0.927536231884058,False,0.9863013698630136,False,0.9343065693430657,0.9876543209876543,False
8,attn,False,0.0076572895248795,-2.5784314114577165,0.0071692006373341,0.0084868014881655,2.157872620599059,0.0952380952380952,0.0067361972969071,0.0004268519926429,1.1082844609275029,0.1904761904761904,0.0070579770388739,0.0005407569149748,Qwen/Qwen2.5-1.5B-Instruct,0.927536231884058,False,0.8571428571428571,False,0.897196261682243,0.897196261682243,False
8,resid,False,0.0067739399169544,-1.380362920566991,0.0091817005259908,0.0082076512599563,-0.521071906505213,0.7619047619047619,0.0072067962133502,0.0008307035765925,-0.3035462955748146,0.6190476190476191,0.0069568840054957,0.0006026892477632,Qwen/Qwen2.5-1.5B-Instruct,0.927536231884058,False,0.8666666666666667,False,0.9343065693430657,0.9043478260869565,False
9,mlp,False,0.0063197384681459,-0.5618195478283554,0.0103964908602155,0.008204945631087,-0.5263986823352266,0.7619047619047619,0.0066417867933583,0.0006117954622981,-0.6786604197795129,0.7142857142857143,0.0066908456104985,0.000546823023027,Qwen/Qwen2.5-1.5B-Instruct,0.927536231884058,False,0.9090909090909092,False,0.9343065693430657,0.9343065693430657,False
9,attn,False,0.0065594241700635,0.1157303243933779,0.0076422970907201,0.0064200163349379,-0.2487817356336502,0.7142857142857143,0.0066818250994153,0.0004920012678586,-0.8044977624384815,0.8571428571428571,0.0069288234177028,0.0004591675264821,Qwen/Qwen2.5-1.5B-Instruct,0.927536231884058,False,0.9863013698630136,False,0.9343065693430657,0.9876543209876543,False
9,resid,False,0.00717441811851,-1.8913250143872649,0.0094750917443117,0.0092733270718856,1.0445789935105032,0.1428571428571428,0.0067276372748285,0.000427713793267,0.4258463186392053,0.4285714285714285,0.0069280886034025,0.0005784469756475,Qwen/Qwen2.5-1.5B-Instruct,0.927536231884058,False,0.8571428571428571,False,0.897196261682243,0.897196261682243,False
10,mlp,False,0.0064486544341794,-0.4232079687481553,0.0079916448596545,0.0068643154690774,-0.3161462701185327,0.7619047619047619,0.0066045328756918,0.0004930579805796,-0.4272008259737208,0.5714285714285714,0.006642786156243,0.0004544273097345,Qwen/Qwen2.5-1.5B-Instruct,0.927536231884058,False,0.8571428571428571,False,0.9343065693430657,0.897196261682243,False
10,attn,False,0.0069767629147551,-2.388730577565564,0.0075510310474333,0.0074982660970569,0.3508836315738937,0.238095238095238,0.0067953825115269,0.0005169246636401,0.5185850714260934,0.2857142857142857,0.0067520429387892,0.0004333329059164,Qwen/Qwen2.5-1.5B-Instruct,0.927536231884058,False,0.8571428571428571,False,0.897196261682243,0.897196261682243,False
10,resid,False,0.0080279519310902,-0.2712347550172097,0.0073382091471463,0.0084412076552618,2.529493716729465,0.0476190476190476,0.0068328157666921,0.0004724803847085,1.7840707829810591,0.0952380952380952,0.0069292650160469,0.0006158314600093,Qwen/Qwen2.5-1.5B-Instruct,0.927536231884058,False,0.8571428571428571,False,0.897196261682243,0.897196261682243,False
11,mlp,False,0.0057210409620947,-0.1208301841501187,0.0064234909763117,0.0069962321139451,-1.1453038983448929,0.9523809523809524,0.0063715678375651,0.0005679949892867,-1.5302687485016069,0.9523809523809524,0.0063738902752865,0.0004266239598966,Qwen/Qwen2.5-1.5B-Instruct,0.9876543209876544,False,0.9876543209876544,False,0.9876543209876543,0.9876543209876543,False
11,attn,False,0.006263698414163,-1.178286860739461,0.0068249644828469,0.0062924803157964,-0.24310584052784,0.5238095238095238,0.0063713376380988,0.0004427669187301,-0.2094335801721889,0.5714285714285714,0.0063567368186053,0.0004442382370862,Qwen/Qwen2.5-1.5B-Instruct,0.927536231884058,False,0.8571428571428571,False,0.897196261682243,0.897196261682243,False
11,resid,False,0.0068376703361715,0.6065019821076277,0.0065010014519141,0.0077865896937099,0.1948476664595175,0.3333333333333333,0.0067313983595475,0.0005454105689588,0.3784806009077707,0.3333333333333333,0.0066111464669833,0.0005985085329204,Qwen/Qwen2.5-1.5B-Instruct,0.927536231884058,False,0.8571428571428571,False,0.897196261682243,0.897196261682243,False
12,mlp,False,0.0070665221747461,-0.2022550731355728,0.0078400875244913,0.0069892053603515,1.940015392538432,0.0952380952380952,0.0062498143462686,0.0004209800765595,1.337024941025637,0.1428571428571428,0.0063366715613767,0.0005458765883675,Qwen/Qwen2.5-1.5B-Instruct,0.927536231884058,False,0.8571428571428571,False,0.897196261682243,0.897196261682243,False
12,attn,False,0.0063474938660675,-0.2478817648199655,0.0068170422755188,0.007123733261419,0.3279201388813846,0.3333333333333333,0.0062419480037745,0.0003218645327882,0.4949433410162622,0.3333333333333333,0.0061697203522343,0.000359179524404,Qwen/Qwen2.5-1.5B-Instruct,0.927536231884058,False,0.8571428571428571,False,0.897196261682243,0.897196261682243,False
12,resid,False,0.0061374813549896,-1.0295921481767945,0.0069352003614402,0.0081534965951078,-0.8934444894565671,0.7619047619047619,0.0065338377542216,0.0004436273365713,-0.5238118824134639,0.7619047619047619,0.0064018617172775,0.0005047238735207,Qwen/Qwen2.5-1.5B-Instruct,0.927536231884058,False,0.9411764705882352,False,0.9343065693430657,0.9343065693430657,False
13,mlp,False,0.0064561454846801,-2.1612792375495635,0.0070411968537801,0.0071250969566308,0.028526812997297,0.4761904761904761,0.0064447594147845,0.0003991357147617,0.5888238640613762,0.2857142857142857,0.0062280747711782,0.000387332659938,Qwen/Qwen2.5-1.5B-Instruct,0.927536231884058,False,0.8571428571428571,False,0.897196261682243,0.897196261682243,False
13,attn,False,0.006023339815122,-2.2006195395696886,0.0066136124477179,0.0075300577117604,-0.5468279660098893,0.7142857142857143,0.0062463346702851,0.000407797093463,-0.327380712145954,0.6190476190476191,0.0061875443581072,0.0005015706084482,Qwen/Qwen2.5-1.5B-Instruct,0.927536231884058,False,0.8666666666666667,False,0.9343065693430657,0.9043478260869565,False
13,resid,False,0.0057362544280984,-1.6239939805975796,0.0073955093031623,0.0065423450891876,-1.0818225358440696,0.9047619047619048,0.0062357423040064,0.0004617096236753,-1.3165951188906584,0.9047619047619048,0.0064771843371381,0.0005627621570281,Qwen/Qwen2.5-1.5B-Instruct,0.9876543209876544,False,0.987012987012987,False,0.9876543209876543,0.9876543209876543,False
14,mlp,False,0.0056048325046886,-1.5748461415640636,0.0064854846476799,0.0067852749837737,-1.3375045109501285,0.9523809523809524,0.0062655387647438,0.0004939843227787,-1.6717321845594928,0.9523809523809524,0.0063848288683156,0.0004665797373713,Qwen/Qwen2.5-1.5B-Instruct,0.9876543209876544,False,0.9876543209876544,False,0.9876543209876543,0.9876543209876543,False
14,attn,False,0.0065489314136453,-0.7738306580808031,0.0065746812950779,0.0071444805063011,0.6475432875324093,0.4285714285714285,0.0062172074381349,0.0005122807724167,0.4219067859397598,0.3809523809523809,0.0063296597306191,0.0005197159427947,Qwen/Qwen2.5-1.5B-Instruct,0.927536231884058,False,0.8571428571428571,False,0.897196261682243,0.897196261682243,False
14,resid,False,0.0056152389951202,-1.0443784630515152,0.0073623800493188,0.0071495638965959,-1.4181004694867785,1.0,0.0062065661958929,0.0004169854065323,-1.4315554164229018,1.0,0.0065317909566258,0.0006402490263323,Qwen/Qwen2.5-1.5B-Instruct,1.0,False,1.0,False,1.0,1.0,False
15,mlp,True,0.0059293143422184,-0.2696887794612551,0.0065156403931463,0.0067099018430223,-0.2004398452897191,0.6190476190476191,0.0060128675372936,0.0004168492295254,-0.2981151273699535,0.6190476190476191,0.0060628954791625,0.0004480857382936,Qwen/Qwen2.5-1.5B-Instruct,0.927536231884058,False,0.8666666666666667,False,0.9043478260869565,0.9043478260869565,False
15,attn,True,0.0061896741342065,-0.7710393041816689,0.0063454560984483,0.0058417050007645,0.1808703683340567,0.4761904761904761,0.0061267436315955,0.0003479315223971,-0.0852176392902044,0.4761904761904761,0.0062301707269993,0.0004752137366168,Qwen/Qwen2.5-1.5B-Instruct,0.927536231884058,False,0.8571428571428571,False,0.897196261682243,0.897196261682243,False
15,resid,True,0.0063014853217367,-0.2861082421815292,0.0071540834603785,0.0071175688961486,0.5661587659323006,0.3809523809523809,0.0060877208680824,0.0003775698028844,-0.3123604924377164,0.7142857142857143,0.0064561160284046,0.0004950392588419,Qwen/Qwen2.5-1.5B-Instruct,0.927536231884058,False,0.9090909090909092,False,0.897196261682243,0.9343065693430657,False
16,mlp,False,0.0066355486483302,-2.713830642437878,0.0067869128617178,0.0055825674281475,1.3689077552260411,0.1428571428571428,0.0058924622850565,0.0005428315826518,2.457302356066035,0.0476190476190476,0.005878842148261,0.0003079419584656,Qwen/Qwen2.5-1.5B-Instruct,0.927536231884058,False,0.8571428571428571,False,0.897196261682243,0.897196261682243,False
16,attn,False,0.0060051203935856,-0.1399873350917439,0.0062371152187385,0.0057064313258929,0.0712305623173676,0.4761904761904761,0.0059804557091553,0.000346265474086,0.040168962172608,0.4285714285714285,0.0059920266046453,0.0003259678177384,Qwen/Qwen2.5-1.5B-Instruct,0.927536231884058,False,0.8571428571428571,False,0.897196261682243,0.897196261682243,False
16,resid,False,0.006674990477475,-2.027497651325773,0.0064487305049982,0.0059884838868957,1.3992816373346595,0.238095238095238,0.0059976585554657,0.0004840568931494,1.3692402407313544,0.0952380952380952,0.0062206548445544,0.0003318158635754,Qwen/Qwen2.5-1.5B-Instruct,0.927536231884058,False,0.8571428571428571,False,0.897196261682243,0.897196261682243,False
17,mlp,False,0.005111667019776,-0.7866267996953539,0.0062136325583542,0.006236538699296,-1.7854445806651813,0.9523809523809524,0.0059193862831832,0.0004523911143219,-1.245947683258694,0.9047619047619048,0.0056238925344128,0.0004111131803681,Qwen/Qwen2.5-1.5B-Instruct,0.9876543209876544,False,0.987012987012987,False,0.9876543209876543,0.9876543209876543,False
17,attn,False,0.0059468560877357,-1.8946868744963856,0.006573917917466,0.0056828206737735,0.3830450793573126,0.4285714285714285,0.0057974646771049,0.0003900099979914,0.6383586758307155,0.3333333333333333,0.0056879276675279,0.000405615886509,Qwen/Qwen2.5-1.5B-Instruct,0.927536231884058,False,0.8571428571428571,False,0.897196261682243,0.897196261682243,False
17,resid,False,0.0055873132633456,-1.493401080515606,0.0063819442524351,0.0065933011011767,-0.5642409633305866,0.7619047619047619,0.0057534742303339,0.0002944858274867,-0.4668244300477678,0.6666666666666666,0.0058323946131078,0.000524996838184,Qwen/Qwen2.5-1.5B-Instruct,0.927536231884058,False,0.875,False,0.9343065693430657,0.9256198347107438,False
18,mlp,False,0.0058166875240626,-1.2506200105268714,0.0068872396594708,0.0064811133565218,-0.0324592938405274,0.4285714285714285,0.0058294624350999,0.0003935671274932,0.2019191056183087,0.4761904761904761,0.0057350195106112,0.0004044590688998,Qwen/Qwen2.5-1.5B-Instruct,0.927536231884058,False,0.8571428571428571,False,0.897196261682243,0.897196261682243,False
18,attn,False,0.0052776705832766,-1.2945555971636111,0.0067126173496218,0.0059095996084019,-1.436768116628181,0.9047619047619048,0.0058555208941994,0.0004021875932763,-1.774532911323371,0.9523809523809524,0.0057559602959891,0.000269529919485,Qwen/Qwen2.5-1.5B-Instruct,0.9876543209876544,False,0.9876543209876544,False,0.9876543209876543,0.9876543209876543,False
18,resid,False,0.0050819461869357,-1.43924795558427,0.0069457642179123,0.0063922974787725,-1.397165704678659,0.9523809523809524,0.0057017301469906,0.0004436008971444,-2.212630021746236,0.9523809523809524,0.0058102229100812,0.000329145277786,Qwen/Qwen2.5-1.5B-Instruct,0.9876543209876544,False,0.9876543209876544,False,0.9876543209876543,0.9876543209876543,False
19,mlp,False,0.0060521180224087,-1.513899039602907,0.0065057432508489,0.0064530211554452,1.1967716382574227,0.1428571428571428,0.0056547450557512,0.0003320374196334,1.9048596582445496,0.0476190476190476,0.0054375079401789,0.0003226537343943,Qwen/Qwen2.5-1.5B-Instruct,0.927536231884058,False,0.8571428571428571,False,0.897196261682243,0.897196261682243,False
19,attn,False,0.0054348929561818,-0.1502556101405576,0.0060224622382231,0.0053856979670773,-0.2782871872588813,0.7619047619047619,0.0055622454878571,0.0004576298784352,-0.0089733656871443,0.5238095238095238,0.0054388236660864,0.0004380418721012,Qwen/Qwen2.5-1.5B-Instruct,0.927536231884058,False,0.8571428571428571,False,0.9343065693430657,0.897196261682243,False
19,resid,False,0.0059069124076352,-1.6847814396410865,0.0060064200251149,0.0061012780544123,0.5795213412752123,0.3333333333333333,0.0057115890095084,0.0003370426319366,0.9388771969868428,0.238095238095238,0.005573118458143,0.0003555246102082,Qwen/Qwen2.5-1.5B-Instruct,0.927536231884058,False,0.8571428571428571,False,0.897196261682243,0.897196261682243,False
20,mlp,False,0.0060357281361437,-2.222116539666728,0.0055816490120884,0.0049891924413207,2.2230549558520445,0.0476190476190476,0.0051801559647388,0.0003848632572724,1.976528007478329,0.0952380952380952,0.0054211803276129,0.000310922894189,Qwen/Qwen2.5-1.5B-Instruct,0.927536231884058,False,0.8571428571428571,False,0.897196261682243,0.897196261682243,False
20,attn,False,0.0055290543619788,-1.0991804248963788,0.0060341511278274,0.0049743033076136,-0.2289874067458298,0.6190476190476191,0.0056115834853411,0.000360409004736,0.3875421258725137,0.3333333333333333,0.0053751177054389,0.0003972127060852,Qwen/Qwen2.5-1.5B-Instruct,0.927536231884058,False,0.8571428571428571,False,0.9043478260869565,0.897196261682243,False
20,resid,False,0.005492956134296,-0.4204568178134064,0.0051504293049529,0.0053813409199787,-0.0965422349483126,0.4761904761904761,0.0055322035655537,0.0004065312065613,0.0825206338876336,0.5714285714285714,0.0054644813166936,0.0003450630013475,Qwen/Qwen2.5-1.5B-Instruct,0.927536231884058,False,0.8571428571428571,False,0.897196261682243,0.897196261682243,False
21,mlp,True,0.0048912064223159,-2.1018386883806666,0.0052342168834574,0.0054513147751487,-1.2857067409836886,0.9523809523809524,0.0053385530967272,0.0003479383440651,-1.2122619617612354,0.9047619047619048,0.005343696688432,0.0003732611270411,Qwen/Qwen2.5-1.5B-Instruct,0.9876543209876544,False,0.987012987012987,False,0.9876543209876543,0.9876543209876543,False
21,attn,True,0.0051608282917176,-0.2767112012101252,0.0053681388832278,0.0053728257851722,-0.1983286186716022,0.5238095238095238,0.0052471880598187,0.0004354377531569,-0.5664352784117034,0.7619047619047619,0.005318893860551,0.000279053185523,Qwen/Qwen2.5-1.5B-Instruct,0.927536231884058,False,0.9411764705882352,False,0.897196261682243,0.9343065693430657,False
21,resid,True,0.0057794752370562,-0.858943826933665,0.0058229111341494,0.0052285554340983,1.267029180780329,0.1904761904761904,0.0052276299188418,0.0004355427061865,0.965988771822654,0.238095238095238,0.005411121296385,0.0003813232114242,Qwen/Qwen2.5-1.5B-Instruct,0.927536231884058,False,0.8571428571428571,False,0.897196261682243,0.897196261682243,False
22,mlp,False,0.00538472830658,-2.014994089753099,0.0045427828545768,0.0047324487475698,1.237973992790509,0.1428571428571428,0.0049604494622889,0.0003427203210745,1.4885403643427706,0.0952380952380952,0.0049412305289102,0.0002979413849254,Qwen/Qwen2.5-1.5B-Instruct,0.927536231884058,False,0.8571428571428571,False,0.897196261682243,0.897196261682243,False
22,attn,False,0.0051075065906798,-1.306598038022174,0.0046864105317523,0.0054783017141353,0.3140052449721845,0.3333333333333333,0.005024507576167,0.000264323656505,0.3635742953827619,0.3809523809523809,0.0049672109833972,0.0003858787847885,Qwen/Qwen2.5-1.5B-Instruct,0.927536231884058,False,0.8571428571428571,False,0.897196261682243,0.897196261682243,False
22,resid,False,0.0050711778333605,-1.2369091378096406,0.0053948284803728,0.0052792363300284,0.1151459802485952,0.5238095238095238,0.0050281624777444,0.0003735723602613,-0.0252390414125615,0.4285714285714285,0.0050803716917706,0.0003642712993654,Qwen/Qwen2.5-1.5B-Instruct,0.927536231884058,False,0.8571428571428571,False,0.897196261682243,0.897196261682243,False
23,mlp,False,0.0048535791788464,-0.642690634481392,0.0050799834854236,0.0047222568801798,0.0041243540273661,0.5714285714285714,0.004851993413868,0.0003844880841799,0.3609018259779626,0.5238095238095238,0.0047084860690909,0.0004020293035712,Qwen/Qwen2.5-1.5B-Instruct,0.927536231884058,False,0.8571428571428571,False,0.897196261682243,0.897196261682243,False
23,attn,False,0.0050916837106838,-1.415638981535867,0.0049975195119681,0.0044043337474776,0.7145411124759684,0.2857142857142857,0.0048550837436755,0.0003311215588259,0.6388386485398359,0.3333333333333333,0.0049329266657361,0.0002485088297499,Qwen/Qwen2.5-1.5B-Instruct,0.927536231884058,False,0.8571428571428571,False,0.897196261682243,0.897196261682243,False
23,resid,False,0.0046766459566912,-0.8451301755324473,0.0047420168793795,0.0055952373849332,-0.2357090342990835,0.5714285714285714,0.004745044258689,0.0002901810794022,-0.4160214269682215,0.6190476190476191,0.0048372084022659,0.0003859475381947,Qwen/Qwen2.5-1.5B-Instruct,0.927536231884058,False,0.8666666666666667,False,0.897196261682243,0.9043478260869565,False
24,mlp,False,0.004435556307135,-0.9900930322695206,0.0042887918200975,0.0038113195175011,0.0725079264075983,0.5238095238095238,0.0044074444288637,0.0003877076571357,0.3040604634025746,0.3809523809523809,0.0043340770225703,0.000333747056191,Qwen/Qwen2.5-1.5B-Instruct,0.927536231884058,False,0.8571428571428571,False,0.897196261682243,0.897196261682243,False
24,attn,False,0.0043336557948854,-0.0764574762137287,0.0045094269834237,0.0040136435315866,-0.2694896245306264,0.6190476190476191,0.0044195794784997,0.0003188385592356,0.1668993193246976,0.5714285714285714,0.0042886839806984,0.0002694547489407,Qwen/Qwen2.5-1.5B-Instruct,0.927536231884058,False,0.8571428571428571,False,0.9043478260869565,0.897196261682243,False
24,resid,False,0.0046975176455218,-1.1152108142109292,0.0050202204354884,0.0052593875434984,0.2729770179550621,0.3809523809523809,0.0046163477288059,0.0002973507342265,0.5256394112241348,0.3333333333333333,0.0045502391185896,0.000280189277644,Qwen/Qwen2.5-1.5B-Instruct,0.927536231884058,False,0.8571428571428571,False,0.897196261682243,0.897196261682243,False
25,mlp,False,0.0040171606410008,-0.8052605781139893,0.0043493739481428,0.0034719453365711,-0.52443881317547,0.7619047619047619,0.0041493921332819,0.0002521390273926,0.1027810569066251,0.5714285714285714,0.0039883152178433,0.0002806492171382,Qwen/Qwen2.5-1.5B-Instruct,0.927536231884058,False,0.8571428571428571,False,0.9343065693430657,0.897196261682243,False
25,attn,False,0.0036711988231292,-1.057277058339262,0.0040957357506682,0.003818008345839,-0.9458148620447112,0.8571428571428571,0.0039884574920856,0.0003354342183528,-2.0872903983837494,1.0,0.004035652524086,0.0001746061311061,Qwen/Qwen2.5-1.5B-Instruct,0.9876543209876544,False,1.0,False,0.9876543209876543,1.0,False
25,resid,False,0.0039338579946765,-0.9687795425277276,0.0039720781726697,0.0040816024854675,-1.4330189738749954,0.9047619047619048,0.0042309690179131,0.0002073322326174,-0.9057255621646424,0.8095238095238095,0.0042266024468575,0.0003232154025567,Qwen/Qwen2.5-1.5B-Instruct,0.9876543209876544,False,0.9714285714285714,False,0.9876543209876543,0.9784172661870504,False
26,mlp,False,0.0033176867533349,-0.5000504048676986,0.0035031317968049,0.0041708704134465,-0.5755460107773371,0.6666666666666666,0.003481314223075,0.0002842995463024,-0.2880775433985266,0.5238095238095238,0.0034093718362871,0.0003182652902081,Qwen/Qwen2.5-1.5B-Instruct,0.927536231884058,False,0.8571428571428571,False,0.9256198347107438,0.897196261682243,False
26,attn,False,0.0032362555791673,-1.4488570677154402,0.0038270224235177,0.0038029135294853,-1.2612855468903332,0.8571428571428571,0.0035717517373057,0.0002659954036305,-0.5547914574527587,0.6666666666666666,0.0034249279967415,0.0003400780870716,Qwen/Qwen2.5-1.5B-Instruct,0.9876543209876544,False,0.875,False,0.9876543209876543,0.9256198347107438,False
26,resid,False,0.0037495948775417,-1.3199776617844583,0.0041434858985675,0.0037156488557821,-0.0409482767215154,0.4761904761904761,0.0037574564715403,0.0001919883967781,0.2123888953862862,0.5238095238095238,0.0036658410367547,0.0003943419011366,Qwen/Qwen2.5-1.5B-Instruct,0.927536231884058,False,0.8571428571428571,False,0.897196261682243,0.897196261682243,False
27,mlp,True,0.0011153096259147,-0.3057332941273962,0.0011749168890665,0.0014640394710897,0.483790948061431,0.3809523809523809,0.0008699766793333,0.0005071052849675,0.537278952853125,0.3333333333333333,0.0008358018325883,0.0005202284434223,Qwen/Qwen2.5-1.5B-Instruct,0.927536231884058,False,0.8571428571428571,False,0.897196261682243,0.897196261682243,False
27,attn,True,0.0004438448156456,0.0932012400425591,0.0010979158212249,0.0013555326451313,-1.518464345018763,1.0,0.0008224732157357,0.0002493495493207,-1.8419508131837157,1.0,0.0008710562689669,0.0002319342353029,Qwen/Qwen2.5-1.5B-Instruct,1.0,False,1.0,False,1.0,1.0,False
27,resid,True,0.0011588913585366,-0.1793303115713203,0.0018401879387946,0.0012087588640363,0.1614132305278694,0.6190476190476191,0.0010824248537011,0.0004737313328366,0.2726675524901999,0.5714285714285714,0.001037920250451,0.0004436578792775,Qwen/Qwen2.5-1.5B-Instruct,0.927536231884058,False,0.8571428571428571,False,0.9043478260869565,0.897196261682243,False
