id,BBB_Ev,BBB_Ea,BBB_p55,BBB_ent,BBB_wd,BBB_jsd,BBB_emd2d,III_Ev,III_Ea,III_p55,III_ent,III_wd,III_jsd,III_emd2d,BBI_Ev,BBI_Ea,BBI_p55,BBI_ent,BBI_wd,BBI_jsd,BBI_emd2d,IIB_Ev,IIB_Ea,IIB_p55,IIB_ent,IIB_wd,IIB_jsd,IIB_emd2d,BIB_Ev,BIB_Ea,BIB_p55,BIB_ent,BIB_wd,BIB_jsd,BIB_emd2d,BII_Ev,BII_Ea,BII_p55,BII_ent,BII_wd,BII_jsd,BII_emd2d,IBB_Ev,IBB_Ea,IBB_p55,IBB_ent,IBB_wd,IBB_jsd,IBB_emd2d,IBI_Ev,IBI_Ea,IBI_p55,IBI_ent,IBI_wd,IBI_jsd,IBI_emd2d
B-grief-d1-v1,5.08289658933621,4.994755155982854,0.012100411822305842,4.3885315330494015,0.0,0.0,0.0,5.364892814373056,4.727889660366981,0.011321695496471525,4.371296894517196,0.28199622503684774,0.004041889799026775,0.41085013531095904,5.070022339855582,4.983771243391626,0.012221363894598488,4.388602172426999,0.012874249480627778,1.5744332862905574e-05,0.01761206704245205,5.386617120922496,4.76366636383496,0.011396787679822948,4.370753826133946,0.30372053158628864,0.0041050974433383,0.40640683918492854,5.08289658933621,4.994755155982854,0.012100411822305842,4.3885315330494015,0.0,0.0,0.0,5.070022339855582,4.983771243391626,0.012221363894598488,4.388602172426999,0.012874249480627778,1.5744332862905574e-05,0.01761206704245205,5.386617120922496,4.76366636383496,0.011396787679822948,4.370753826133946,0.30372053158628864,0.0041050974433383,0.40640683918492854,5.364892814373056,4.727889660366981,0.011321695496471525,4.371296894517196,0.28199622503684774,0.004041889799026775,0.41085013531095904
B-grief-d2-v1,5.088651769442371,5.02423053746653,0.01236392146412307,4.389609667196259,0.0,0.0,0.0,4.886317090522009,4.900165966894925,0.011920034653630503,4.386230460197157,0.20233467892036308,0.0024874686236069873,0.2507023913808534,5.063566010295445,5.009153101023458,0.012313011774227216,4.39011213216421,0.025085759146926345,4.3702369996433586e-05,0.0298573147913227,4.9182904853751985,4.936062605619166,0.01207247686823148,4.386870769269159,0.17036128406717327,0.0021898681949364413,0.20867947830772998,5.088651769442371,5.02423053746653,0.01236392146412307,4.389609667196259,0.0,0.0,0.0,5.063566010295445,5.009153101023458,0.012313011774227216,4.39011213216421,0.025085759146926345,4.3702369996433586e-05,0.0298573147913227,4.9182904853751985,4.936062605619166,0.01207247686823148,4.386870769269159,0.17036128406717327,0.0021898681949364413,0.20867947830772998,4.886317090522009,4.900165966894925,0.011920034653630503,4.386230460197157,0.20233467892036308,0.0024874686236069873,0.2507023913808534
B-grief-d3-v1,5.113845909618401,5.040488551221456,0.012289631587245355,4.388100163623548,0.0,0.0,0.0,5.268653356209594,4.906706294803619,0.012860269279596244,4.37233114810465,0.19680926216876887,0.003608262047779284,0.2757546340433889,5.097949195151463,5.028119953983511,0.012387837533793852,4.3886073762675535,0.015896714466935816,1.845646436382411e-05,0.020720130427816622,5.275590642055695,4.9350487614821565,0.012929614637899928,4.371548467795635,0.20448644557536888,0.0036797451339380394,0.2725243617229388,5.113845909618401,5.040488551221456,0.012289631587245355,4.388100163623548,0.0,0.0,0.0,5.097949195151463,5.028119953983511,0.012387837533793852,4.3886073762675535,0.015896714466935816,1.845646436382411e-05,0.020720130427816622,5.275590642055695,4.9350487614821565,0.012929614637899928,4.371548467795635,0.20448644557536888,0.0036797451339380394,0.2725243617229388,5.268653356209594,4.906706294803619,0.012860269279596244,4.37233114810465,0.19680926216876887,0.003608262047779284,0.2757546340433889
B-terror-d2-v1,5.078808110232612,5.0276378139001805,0.012681218841453082,4.389273720189494,0.0,0.0,0.0,4.982840868883406,4.887550613869459,0.012165146444230453,4.387074841453495,0.09814950788756344,0.0016375037660211753,0.18587482031846847,5.061815235264937,5.014175642441046,0.012762663705852273,4.3896313617597045,0.016992874967675264,2.4541056318521293e-05,0.022661027027749362,4.994772901845615,4.919155507712998,0.012245462954191075,4.387043127876441,0.093393019516781,0.0016492614461239119,0.16050483378594924,5.078808110232612,5.0276378139001805,0.012681218841453082,4.389273720189494,0.0,0.0,0.0,5.061815235264937,5.014175642441046,0.012762663705852273,4.3896313617597045,0.016992874967675264,2.4541056318521293e-05,0.022661027027749362,4.994772901845615,4.919155507712998,0.012245462954191075,4.387043127876441,0.093393019516781,0.0016492614461239119,0.16050483378594924,4.982840868883406,4.887550613869459,0.012165146444230453,4.387074841453495,0.09814950788756344,0.0016375037660211753,0.18587482031846847
B-ecstasy-d2-v1,5.122129241727088,5.067755173207454,0.012655711871480855,4.388584847441134,0.0,0.0,0.0,5.048115232936117,5.009655531000483,0.01273637849721432,4.386720852144489,0.07976828594911496,0.0016219470115985057,0.1294225307556992,5.107921418389378,5.056099374871786,0.012671385362250622,4.3891833058028045,0.014207823337713199,1.9106214699884386e-05,0.019196622192211858,5.0719509451099825,5.046703747330621,0.012866269497201606,4.385334533258284,0.06623630559740995,0.0017320181967308548,0.1251488608490621,5.122129241727088,5.067755173207454,0.012655711871480855,4.388584847441134,0.0,0.0,0.0,5.107921418389378,5.056099374871786,0.012671385362250622,4.3891833058028045,0.014207823337713199,1.9106214699884386e-05,0.019196622192211858,5.0719509451099825,5.046703747330621,0.012866269497201606,4.385334533258284,0.06623630559740995,0.0017320181967308548,0.1251488608490621,5.048115232936117,5.009655531000483,0.01273637849721432,4.386720852144489,0.07976828594911496,0.0016219470115985057,0.1294225307556992
B-loathing-d3-v1,5.055789266724379,4.985381606909615,0.012617333419187755,4.389607087047415,0.0,0.0,0.0,4.74556471986256,4.869764411680651,0.011980961679141889,4.3851586661172215,0.310224546861824,0.003007303927316919,0.342893009163373,5.0474527326361125,4.9755952726598185,0.012633688465183767,4.390105180987641,0.008336534088268205,1.8288367532703245e-05,0.014143460143445162,4.776866205126381,4.917889743028587,0.012108037592667913,4.3868542539053035,0.27892306159800384,0.0026128476803959537,0.30053084790776247,5.055789266724379,4.985381606909615,0.012617333419187755,4.389607087047415,0.0,0.0,0.0,5.0474527326361125,4.9755952726598185,0.012633688465183767,4.390105180987641,0.008336534088268205,1.8288367532703245e-05,0.014143460143445162,4.776866205126381,4.917889743028587,0.012108037592667913,4.3868542539053035,0.27892306159800384,0.0026128476803959537,0.30053084790776247,4.74556471986256,4.869764411680651,0.011980961679141889,4.3851586661172215,0.310224546861824,0.003007303927316919,0.342893009163373
B-amazement-d1-v2,5.06550576662401,5.031551482322627,0.012163769051543606,4.389002484903757,0.0,0.0,0.0,5.096744564264956,5.019884230376601,0.012672499645834815,4.385436990324502,0.10389495166768999,0.0020523019723711804,0.1447127478471399,5.058426261811765,5.01748162942031,0.012332478144114367,4.389310968974382,0.009215511730599577,2.4934273442930864e-05,0.01731635422245065,5.145747344036584,5.062856911037128,0.013264908116902558,4.383684955991261,0.12788203482420102,0.0022046002973682413,0.17245981847608968,5.06550576662401,5.031551482322627,0.012163769051543606,4.389002484903757,0.0,0.0,0.0,5.058426261811765,5.01748162942031,0.012332478144114367,4.389310968974382,0.009215511730599577,2.4934273442930864e-05,0.01731635422245065,5.145747344036584,5.062856911037128,0.013264908116902558,4.383684955991261,0.12788203482420102,0.0022046002973682413,0.17245981847608968,5.096744564264956,5.019884230376601,0.012672499645834815,4.385436990324502,0.10389495166768999,0.0020523019723711804,0.1447127478471399
B-amazement-d3-v1,5.152895039893869,4.972040957041496,0.012483028951505569,4.38699196137294,0.0,0.0,0.0,5.457628293475167,5.010523668736142,0.011314758996558566,4.372673396301762,0.3047332535812963,0.0024927289157717645,0.31040998653287344,5.144905302486029,4.955256412237894,0.01248976236072249,4.387253603950438,0.007989737407840009,2.119221353667099e-05,0.019625050911475064,5.500327355870706,5.061206117236761,0.011561715545655132,4.368485886669809,0.3474323159768391,0.0032662327297322304,0.3616900928971504,5.152895039893869,4.972040957041496,0.012483028951505569,4.38699196137294,0.0,0.0,0.0,5.144905302486029,4.955256412237894,0.01248976236072249,4.387253603950438,0.007989737407840009,2.119221353667099e-05,0.019625050911475064,5.500327355870706,5.061206117236761,0.011561715545655132,4.368485886669809,0.3474323159768391,0.0032662327297322304,0.3616900928971504,5.457628293475167,5.010523668736142,0.011314758996558566,4.372673396301762,0.3047332535812963,0.0024927289157717645,0.31040998653287344
B-vigilance-d1-v1,5.085828874217195,4.990496894455055,0.013120700395783612,4.389747297409241,0.0,0.0,0.0,4.889866410725218,4.822534972868273,0.013100213177844405,4.383721391887464,0.19596246349197557,0.0026136978431713846,0.270088060327571,5.086864926892016,4.978050585776997,0.013128814768457625,4.3899611028819825,0.0047978529467396225,1.6271095516838163e-05,0.013965774141574211,4.912578798273808,4.856603075361976,0.013302187951847929,4.384086242061891,0.17325007594338515,0.002426458400637818,0.2336777601386989,5.085828874217195,4.990496894455055,0.013120700395783612,4.389747297409241,0.0,0.0,0.0,5.086864926892016,4.978050585776997,0.013128814768457625,4.3899611028819825,0.0047978529467396225,1.6271095516838163e-05,0.013965774141574211,4.912578798273808,4.856603075361976,0.013302187951847929,4.384086242061891,0.17325007594338515,0.002426458400637818,0.2336777601386989,4.889866410725218,4.822534972868273,0.013100213177844405,4.383721391887464,0.19596246349197557,0.0026136978431713846,0.270088060327571
B-vigilance-d3-v2,5.053343646021418,4.981833447720994,0.012580668828982622,4.389915521008019,0.0,0.0,0.0,4.879227711511855,5.0144322064199285,0.012468774949766058,4.387838762294061,0.17967945879325836,0.0018716250593495687,0.1971770848681645,5.038144162925474,4.968088896212266,0.012820237508577336,4.390119469525447,0.015199483095943406,1.8871713786566023e-05,0.020768922409735806,4.9289233244123825,5.056870882748785,0.013042152538796675,4.3874968268400965,0.13998792952023237,0.0018541154405723465,0.18690445126970973,5.053343646021418,4.981833447720994,0.012580668828982622,4.389915521008019,0.0,0.0,0.0,5.038144162925474,4.968088896212266,0.012820237508577336,4.390119469525447,0.015199483095943406,1.8871713786566023e-05,0.020768922409735806,4.9289233244123825,5.056870882748785,0.013042152538796675,4.3874968268400965,0.13998792952023237,0.0018541154405723465,0.18690445126970973,4.879227711511855,5.0144322064199285,0.012468774949766058,4.387838762294061,0.17967945879325836,0.0018716250593495687,0.1971770848681645
Bm-grief-d1-v1,5.141206694881382,4.983894435720711,0.012645107286959091,4.386881038548933,0.0,0.0,0.0,5.187262616791698,4.754120210313982,0.013148291916108657,4.366288927974463,0.19033325805584833,0.005021471081776751,0.3163760589106855,5.12044328963825,4.9690227011350325,0.012590591596808792,4.387742199041545,0.02076340524313114,2.8032332374355884e-05,0.026021030238812203,5.211332182623011,4.785272780327324,0.013267789682033064,4.365989671304048,0.19824358242415682,0.004976526010133929,0.3056857364395775,5.141206694881382,4.983894435720711,0.012645107286959091,4.386881038548933,0.0,0.0,0.0,5.12044328963825,4.9690227011350325,0.012590591596808792,4.387742199041545,0.02076340524313114,2.8032332374355884e-05,0.026021030238812203,5.211332182623011,4.785272780327324,0.013267789682033064,4.365989671304048,0.19824358242415682,0.004976526010133929,0.3056857364395775,5.187262616791698,4.754120210313982,0.013148291916108657,4.366288927974463,0.19033325805584833,0.005021471081776751,0.3163760589106855
Bm-grief-d2-v1,4.996686745773913,4.978098413663539,0.01213193908276087,4.390885329418492,0.0,0.0,0.0,4.69226765024184,4.8240693641377055,0.01241522003326958,4.378548041047926,0.30441909553207014,0.003436949318205295,0.35110543647906295,4.983862895032723,4.9650288419355775,0.012252868521817187,4.390905951239185,0.012823850741188483,1.7889205789553442e-05,0.0188162407669495,4.713619557409099,4.855455662813313,0.012528859440736147,4.379738607603036,0.2830671883648134,0.003214228355492667,0.32002266536723845,4.996686745773913,4.978098413663539,0.01213193908276087,4.390885329418492,0.0,0.0,0.0,4.983862895032723,4.9650288419355775,0.012252868521817187,4.390905951239185,0.012823850741188483,1.7889205789553442e-05,0.0188162407669495,4.713619557409099,4.855455662813313,0.012528859440736147,4.379738607603036,0.2830671883648134,0.003214228355492667,0.32002266536723845,4.69226765024184,4.8240693641377055,0.01241522003326958,4.378548041047926,0.30441909553207014,0.003436949318205295,0.35110543647906295
Bm-grief-d3-v1,5.1084848890477925,4.9728467609042095,0.01291513998055012,4.388340991572906,0.0,0.0,0.0,5.082330925638294,4.776969737166075,0.014593930923756325,4.369077649299493,0.1654647957834108,0.004595744010073508,0.277913936564403,5.09818029454193,4.955973528946474,0.013013228497122439,4.388489409933501,0.010304594505862977,2.4519051760247513e-05,0.020788396900928614,5.0989092823795445,4.8135025942645635,0.014448989540246919,4.368580470969899,0.16784406067177432,0.004637336925731596,0.2635505337863224,5.1084848890477925,4.9728467609042095,0.01291513998055012,4.388340991572906,0.0,0.0,0.0,5.09818029454193,4.955973528946474,0.013013228497122439,4.388489409933501,0.010304594505862977,2.4519051760247513e-05,0.020788396900928614,5.0989092823795445,4.8135025942645635,0.014448989540246919,4.368580470969899,0.16784406067177432,0.004637336925731596,0.2635505337863224,5.082330925638294,4.776969737166075,0.014593930923756325,4.369077649299493,0.1654647957834108,0.004595744010073508,0.277913936564403
Bm-terror-d2-v1,5.057555423260024,4.988796368907046,0.01278210913478611,4.389236561275357,0.0,0.0,0.0,5.0241733260556245,4.849725842817365,0.013403129807421603,4.380306270611572,0.11534821383731728,0.0027517562383811466,0.19802164108990636,5.051496294362818,4.974637806146613,0.012779139218383405,4.389455796034175,0.007754510228088887,2.3238212794756767e-05,0.017417582139247552,5.039130739697065,4.8741833480930845,0.013289184555945946,4.379698050648552,0.11904904061568818,0.0028153406517427916,0.19026639558486882,5.057555423260024,4.988796368907046,0.01278210913478611,4.389236561275357,0.0,0.0,0.0,5.051496294362818,4.974637806146613,0.012779139218383405,4.389455796034175,0.007754510228088887,2.3238212794756767e-05,0.017417582139247552,5.039130739697065,4.8741833480930845,0.013289184555945946,4.379698050648552,0.11904904061568818,0.0028153406517427916,0.19026639558486882,5.0241733260556245,4.849725842817365,0.013403129807421603,4.380306270611572,0.11534821383731728,0.0027517562383811466,0.19802164108990636
Bm-ecstasy-d2-v1,5.0987573278189045,4.984551377095352,0.012784807320265244,4.386751325704143,0.0,0.0,0.0,5.173915834534354,4.782061829428925,0.012914525049653233,4.373033153118184,0.14207055004171182,0.0032140638321810065,0.270222127779005,5.085491551105712,4.9742868259857085,0.012862993201838807,4.387497942652555,0.013887826196200742,2.4285472857079127e-05,0.018650798910650204,5.190199905727988,4.816356868183014,0.013099906194954608,4.372300634461932,0.1493942090001579,0.003311531484755107,0.2610640095026783,5.0987573278189045,4.984551377095352,0.012784807320265244,4.386751325704143,0.0,0.0,0.0,5.085491551105712,4.9742868259857085,0.012862993201838807,4.387497942652555,0.013887826196200742,2.4285472857079127e-05,0.018650798910650204,5.190199905727988,4.816356868183014,0.013099906194954608,4.372300634461932,0.1493942090001579,0.003311531484755107,0.2610640095026783,5.173915834534354,4.782061829428925,0.012914525049653233,4.373033153118184,0.14207055004171182,0.0032140638321810065,0.270222127779005
Bm-loathing-d3-v1,4.999091477721177,5.005242162318454,0.01275395447384272,4.390926523633809,0.0,0.0,0.0,4.418607926697232,5.068670931360122,0.011945146748801115,4.364121669818301,0.5804835510239446,0.007573690465506168,0.5896913426202062,4.99102211963005,4.9958095742951025,0.012866333007814307,4.390994459694936,0.008069358091125037,1.1843106481836452e-05,0.013390797291836589,4.462433064878105,5.143369907987353,0.012396752397884896,4.366166958952869,0.5366584128430701,0.007064940659801338,0.5678446558145244,4.999091477721177,5.005242162318454,0.01275395447384272,4.390926523633809,0.0,0.0,0.0,4.99102211963005,4.995809574295102,0.012866333007814305,4.390994459694936,0.00806935809112505,1.1843106481839093e-05,0.013390797291836447,4.462433064878105,5.143369907987353,0.012396752397884896,4.366166958952869,0.5366584128430701,0.007064940659801338,0.5678446558145244,4.418607926697232,5.068670931360122,0.011945146748801115,4.364121669818301,0.5804835510239446,0.007573690465506168,0.5896913426202062
Bm-amazement-d1-v2,5.184673890637305,4.989344525161289,0.012948573452378572,4.386370394604627,0.0,0.0,0.0,5.512736965016069,4.875070310121352,0.011591999188916284,4.361073836826466,0.3280630743787659,0.00447031694528521,0.37605526011978047,5.167537622040579,4.977595480963825,0.012870542774304562,4.386849221917082,0.017136268596722667,3.4397395429485864e-05,0.021574876725071756,5.535098918139905,4.929870373888889,0.01175419175655099,4.359073293475602,0.35042502750260196,0.004816352973302975,0.3845755836991297,5.184673890637305,4.989344525161289,0.012948573452378572,4.386370394604627,0.0,0.0,0.0,5.167537622040579,4.977595480963825,0.012870542774304562,4.386849221917082,0.017136268596722667,3.4397395429485864e-05,0.021574876725071756,5.535098918139905,4.929870373888889,0.01175419175655099,4.359073293475602,0.35042502750260196,0.004816352973302975,0.3845755836991297,5.512736965016069,4.875070310121352,0.011591999188916284,4.361073836826466,0.3280630743787659,0.00447031694528521,0.37605526011978047
Bm-amazement-d3-v1,5.112966078649307,4.983714133266081,0.012641177636811923,4.387747209716941,0.0,0.0,0.0,5.111055165325091,4.994757305383426,0.013221042521460238,4.381705545349168,0.0841490125359303,0.0017774775459022622,0.1284766463121804,5.094755259651244,4.970103478823128,0.012765479099547266,4.38810897730754,0.018210818998062928,3.3830301145796464e-05,0.023296574123098417,5.131779416413171,5.028757481041686,0.013288037463811549,4.38080498614821,0.0923748384182247,0.0019505375692080093,0.1468748319178199,5.112966078649307,4.983714133266081,0.012641177636811923,4.387747209716941,0.0,0.0,0.0,5.094755259651244,4.970103478823128,0.012765479099547266,4.38810897730754,0.018210818998062928,3.3830301145796464e-05,0.023296574123098417,5.131779416413171,5.028757481041686,0.013288037463811549,4.38080498614821,0.0923748384182247,0.0019505375692080093,0.1468748319178199,5.111055165325091,4.994757305383426,0.013221042521460238,4.381705545349168,0.0841490125359303,0.0017774775459022622,0.1284766463121804
Bm-vigilance-d1-v1,5.108715445614857,4.969161178732849,0.01274799695566469,4.389154473501278,0.0,0.0,0.0,5.1347453383361845,4.82816447707841,0.013793702504143841,4.373458651694486,0.16163910212602656,0.0034184951307972434,0.2356297119419272,5.089003813638645,4.956945529754283,0.012963063422075507,4.389676028580278,0.01971163197621159,2.6620109260036087e-05,0.024057937732689022,5.148357774267408,4.859463022584033,0.013990044393758071,4.3734532187355715,0.16517395182160627,0.003447980324271554,0.22842973509256115,5.108715445614857,4.969161178732849,0.01274799695566469,4.389154473501278,0.0,0.0,0.0,5.089003813638645,4.956945529754283,0.012963063422075507,4.389676028580278,0.01971163197621159,2.6620109260036087e-05,0.024057937732689022,5.148357774267408,4.859463022584033,0.013990044393758071,4.3734532187355715,0.16517395182160627,0.003447980324271554,0.22842973509256115,5.1347453383361845,4.82816447707841,0.013793702504143841,4.373458651694486,0.16163910212602656,0.0034184951307972434,0.2356297119419272
Bm-vigilance-d3-v2,5.0391926062954076,5.0381419864298245,0.012704757150506214,4.389066587919329,0.0,0.0,0.0,4.948789627444854,4.883789086853773,0.014004953441292593,4.3795122172459635,0.12101722370955112,0.003093526430622482,0.2250154654976603,5.031610756581144,5.022887754288678,0.012709432351475395,4.389128781162364,0.007581849714262845,1.9745143432776423e-05,0.017675226251666686,4.9674375789154235,4.91435548990447,0.014132765728627155,4.378831987735357,0.11983983734814198,0.0031592447983058557,0.2091741294380108,5.0391926062954076,5.0381419864298245,0.012704757150506214,4.389066587919329,0.0,0.0,0.0,5.031610756581144,5.022887754288678,0.012709432351475395,4.389128781162364,0.007581849714262845,1.9745143432776423e-05,0.017675226251666686,4.9674375789154235,4.91435548990447,0.014132765728627155,4.378831987735357,0.11983983734814198,0.0031592447983058557,0.2091741294380108,4.948789627444854,4.883789086853773,0.014004953441292593,4.3795122172459635,0.12101722370955112,0.003093526430622482,0.2250154654976603
N-grief-d1-c1,5.097395952050974,4.97973242297931,0.012633147714900596,4.388296816148142,0.0,0.0,0.0,5.233343553802296,4.841908495087071,0.013482262913119788,4.3671816317523335,0.19586147203090465,0.004100653601296483,0.2800632680132688,5.07878022987295,4.967882949755681,0.012686445769529587,4.388732123632375,0.018615722178025457,2.0924245415416062e-05,0.022795040623106517,5.248836062767534,4.875980166336165,0.013562925107370675,4.3657730136887505,0.21092483543502294,0.00436113465113313,0.28267954520121785,5.097395952050974,4.97973242297931,0.012633147714900596,4.388296816148142,0.0,0.0,0.0,5.07878022987295,4.967882949755681,0.012686445769529587,4.388732123632375,0.018615722178025457,2.0924245415416062e-05,0.022795040623106517,5.248836062767534,4.875980166336165,0.013562925107370675,4.3657730136887505,0.21092483543502294,0.00436113465113313,0.28267954520121785,5.233343553802296,4.841908495087071,0.013482262913119788,4.3671816317523335,0.19586147203090465,0.004100653601296483,0.2800632680132688
N-grief-d2-c1,5.103575140494871,4.996008610802138,0.01263170818852736,4.387743943846837,0.0,0.0,0.0,5.186311709046236,4.8946032597719356,0.013124590228030818,4.3737758235063,0.14147830280566215,0.00304926813662723,0.2187770612847361,5.097328611719694,4.981757485575005,0.012564370634496742,4.388168362655545,0.00624652877517913,1.980025030700145e-05,0.016533396002642586,5.2067492032364475,4.935315608600941,0.013282670005145374,4.37255013528515,0.15873877397330385,0.003257991194346222,0.22457409183816743,5.103575140494871,4.996008610802138,0.01263170818852736,4.387743943846837,0.0,0.0,0.0,5.097328611719694,4.981757485575005,0.012564370634496742,4.388168362655545,0.00624652877517913,1.980025030700145e-05,0.016533396002642586,5.2067492032364475,4.935315608600941,0.013282670005145374,4.37255013528515,0.15873877397330385,0.003257991194346222,0.22457409183816743,5.186311709046236,4.8946032597719356,0.013124590228030818,4.3737758235063,0.14147830280566215,0.00304926813662723,0.2187770612847361
N-grief-d3-c1,5.112035777351206,5.021074526865155,0.012761076185583723,4.387955425116891,0.0,0.0,0.0,5.317123288190382,4.900683251054236,0.013324288592128685,4.362298507864043,0.2527493875485002,0.004999932611821873,0.3199262512941422,5.1062006234013895,5.006731701069743,0.01282164478048074,4.388148327119149,0.006930068468380901,2.1422268758514568e-05,0.016685442818011032,5.330315031685883,4.929049193463322,0.013315140658797953,4.3603348396494725,0.2666274063620311,0.005331854510964847,0.32696170807483077,5.112035777351206,5.021074526865155,0.012761076185583723,4.387955425116891,0.0,0.0,0.0,5.1062006234013895,5.006731701069743,0.01282164478048074,4.388148327119149,0.006930068468380901,2.1422268758514568e-05,0.016685442818011032,5.330315031685883,4.929049193463322,0.013315140658797953,4.3603348396494725,0.2666274063620311,0.005331854510964847,0.32696170807483077,5.317123288190382,4.900683251054236,0.013324288592128685,4.362298507864043,0.2527493875485002,0.004999932611821873,0.3199262512941422
N-terror-d2-c1,5.134519287152974,5.027710325909217,0.012938774167335161,4.386645718708943,0.0,0.0,0.0,5.2447956506125255,4.90505062401258,0.01272306085481194,4.3787199275168565,0.13307387146849126,0.0022068370435853724,0.21319556392320246,5.11828806127522,5.0146739965614895,0.012777039441719757,4.387363263740033,0.01623122587775641,2.041728146436022e-05,0.021565975450335645,5.250278859310412,4.932656778940085,0.012714823391006921,4.377890802333403,0.14049188459101838,0.0022834544693141343,0.20958653163657215,5.134519287152974,5.027710325909217,0.012938774167335161,4.386645718708943,0.0,0.0,0.0,5.11828806127522,5.0146739965614895,0.012777039441719757,4.387363263740033,0.01623122587775641,2.041728146436022e-05,0.021565975450335645,5.250278859310412,4.932656778940085,0.012714823391006921,4.377890802333403,0.14049188459101838,0.0022834544693141343,0.20958653163657215,5.2447956506125255,4.90505062401258,0.01272306085481194,4.3787199275168565,0.13307387146849126,0.0022068370435853724,0.21319556392320246
N-ecstasy-d2-c1,5.182477470553797,4.975680827286583,0.012935789476853313,4.384688700895532,0.0,0.0,0.0,5.2422246390370155,4.909523998542094,0.013457968088001721,4.3714484544571,0.12710846567615885,0.002890651723238584,0.19491420987809516,5.175597641876751,4.9613241618889,0.013050402782614549,4.385261091991927,0.008162494571479939,2.391121685229252e-05,0.017334375219896652,5.2593150689806,4.9401068613252885,0.013530872628169236,4.369363063872986,0.14033404462308455,0.0032252034946067005,0.2077073803165768,5.182477470553797,4.975680827286583,0.012935789476853313,4.384688700895532,0.0,0.0,0.0,5.175597641876751,4.9613241618889,0.013050402782614549,4.385261091991927,0.008162494571479939,2.391121685229252e-05,0.017334375219896652,5.2593150689806,4.9401068613252885,0.013530872628169236,4.369363063872986,0.14033404462308455,0.0032252034946067005,0.2077073803165768,5.2422246390370155,4.909523998542094,0.013457968088001721,4.3714484544571,0.12710846567615885,0.002890651723238584,0.19491420987809516
N-loathing-d3-c1,5.178957959258551,4.966276600000281,0.013315402993864692,4.3848858448572425,0.0,0.0,0.0,5.291834940415342,4.871218158549648,0.013272161884267303,4.370186520113901,0.14557282075101907,0.0029077531330173184,0.22534990898960183,5.172983110672119,4.955349488181683,0.013199204258976407,4.384973444315133,0.006798310494833329,2.3239108476406174e-05,0.014288718841585156,5.331009968051911,4.919386463712232,0.013484719339748916,4.367857556130015,0.17431993826730668,0.003280503039518594,0.2456313938303333,5.178957959258551,4.966276600000281,0.013315402993864692,4.3848858448572425,0.0,0.0,0.0,5.172983110672119,4.955349488181683,0.013199204258976407,4.384973444315133,0.006798310494833329,2.3239108476406174e-05,0.014288718841585156,5.331009968051911,4.919386463712232,0.013484719339748916,4.367857556130015,0.17431993826730668,0.003280503039518594,0.2456313938303333,5.291834940415342,4.871218158549648,0.013272161884267303,4.370186520113901,0.14557282075101907,0.0029077531330173184,0.22534990898960183
N-amazement-d1-c2,5.094226599761907,4.992910091080208,0.012855080111751878,4.386645242264969,0.0,0.0,0.0,5.1104609918735155,4.971855258946774,0.014183817324930752,4.372391133349501,0.1455964264522198,0.003454184268274049,0.1975762813112253,5.083871356779678,4.980103231749194,0.012985050487556564,4.387108940671987,0.010355242982228244,2.4521227184806416e-05,0.016967180847436435,5.141182585913055,5.009856291782986,0.014346127261994718,4.370129507738307,0.16109319385568222,0.0038233979767700534,0.21708071654275143,5.094226599761907,4.992910091080208,0.012855080111751878,4.386645242264969,0.0,0.0,0.0,5.083871356779678,4.980103231749194,0.012985050487556564,4.387108940671987,0.010355242982228244,2.4521227184806416e-05,0.016967180847436435,5.141182585913055,5.009856291782986,0.014346127261994718,4.370129507738307,0.16109319385568222,0.0038233979767700534,0.21708071654275143,5.1104609918735155,4.971855258946774,0.014183817324930752,4.372391133349501,0.1455964264522198,0.003454184268274049,0.1975762813112253
N-amazement-d3-c1,5.12718151600659,4.929199111793141,0.013432262176862341,4.386068263874422,0.0,0.0,0.0,5.206865614854012,4.891262555269704,0.014105201398068378,4.368162255369583,0.16240250847712873,0.003360130473739108,0.21329475850049656,5.116703165261563,4.914939078983043,0.013262074319572499,4.386346040005581,0.01075438353027039,2.5790905038114556e-05,0.018627540108104537,5.22629707223333,4.929933828469886,0.014263935151367051,4.365726007898383,0.1770370076830785,0.003801261655999399,0.2301819396168948,5.12718151600659,4.929199111793141,0.013432262176862341,4.386068263874422,0.0,0.0,0.0,5.116703165261563,4.914939078983043,0.013262074319572499,4.386346040005581,0.01075438353027039,2.5790905038114556e-05,0.018627540108104537,5.22629707223333,4.929933828469886,0.014263935151367051,4.365726007898383,0.1770370076830785,0.003801261655999399,0.2301819396168948,5.206865614854012,4.891262555269704,0.014105201398068378,4.368162255369583,0.16240250847712873,0.003360130473739108,0.21329475850049656
N-vigilance-d1-c1,5.1158979737745645,4.985277606491497,0.013118177218164648,4.38804552550271,0.0,0.0,0.0,5.198773104571453,4.797299555292258,0.01403160474280568,4.3653372824299685,0.1894249439981069,0.004553312247478052,0.29213694663423473,5.104562652810717,4.971627826768453,0.013328100347130938,4.388304151693731,0.011335320963849205,2.267771766831159e-05,0.01841921682576183,5.218532105023401,4.833451126697195,0.014164447920734423,4.364462959097009,0.19881672112337662,0.004731007845556103,0.28851323164248033,5.1158979737745645,4.985277606491497,0.013118177218164648,4.38804552550271,0.0,0.0,0.0,5.104562652810717,4.971627826768453,0.013328100347130938,4.388304151693731,0.011335320963849205,2.267771766831159e-05,0.01841921682576183,5.218532105023401,4.833451126697195,0.014164447920734423,4.364462959097009,0.19881672112337662,0.004731007845556103,0.28851323164248033,5.198773104571453,4.797299555292258,0.01403160474280568,4.3653372824299685,0.1894249439981069,0.004553312247478052,0.29213694663423473
N-vigilance-d3-c2,5.148651525586293,4.970276228681774,0.012621642914356333,4.385276761530041,0.0,0.0,0.0,5.444529396210571,4.891426405538058,0.01216812551793237,4.364863167610598,0.2958778706242764,0.0036452516491613865,0.33550336642912043,5.132771672648024,4.958647899556114,0.012781441226476306,4.385888659778816,0.015879852938272737,1.9050732302333884e-05,0.020455878462872615,5.468473428685018,4.937139349269418,0.012490672569541299,4.3622613582204295,0.3198219030987224,0.004118071024513202,0.3498111540179974,5.148651525586293,4.970276228681774,0.012621642914356333,4.385276761530041,0.0,0.0,0.0,5.132771672648024,4.958647899556114,0.012781441226476306,4.385888659778816,0.015879852938272737,1.9050732302333884e-05,0.020455878462872615,5.468473428685018,4.937139349269418,0.012490672569541299,4.3622613582204295,0.3198219030987224,0.004118071024513202,0.3498111540179974,5.444529396210571,4.891426405538058,0.01216812551793237,4.364863167610598,0.2958778706242764,0.0036452516491613865,0.33550336642912043
