id,component,orig_Ev,patched_Ev,rand_Ev,wd_inst_base,wd_patch_base,wd_rand_base,delta_Ev_patch,delta_Ev_rand,delta_WD_patch,delta_WD_rand,orig_prob_5,patched_prob_5,rand_prob_5
B-grief-d1-v1,res_10,7.3828125,7.37890625,7.38671875,2.1129619657532714,2.1081675036449985,2.113710232244457,-0.00390625,0.00390625,-0.0047944621082729455,0.0007482664911857562,0.0145416259765625,0.01490020751953125,0.01503753662109375
B-grief-d2-v1,res_10,4.10546875,4.203125,4.23046875,0.7477898290330849,0.7171721267211046,0.7000676530095278,0.09765625,0.125,-0.030617702311980244,-0.047722176023557106,0.08367919921875,0.090576171875,0.09222412109375
B-grief-d3-v1,res_10,6.78125,6.7890625,6.7890625,1.3312548552416656,1.3449317084514036,1.341872929223192,0.0078125,0.0078125,0.013676853209737994,0.010618073981526255,0.032928466796875,0.033477783203125,0.033905029296875
B-terror-d2-v1,res_10,5.02734375,5.078125,5.125,0.604821105866622,0.6305363365375842,0.6610359243549728,0.05078125,0.09765625,0.025715230670962264,0.05621481848835086,0.09246826171875,0.09649658203125,0.0975341796875
B-ecstasy-d2-v1,res_10,5.73828125,5.78125,5.7890625,0.6851637670129731,0.6955516368147968,0.7012330627535255,0.04296875,0.05078125,0.010387869801823713,0.01606929574055238,0.10150146484375,0.103515625,0.10455322265625
B-loathing-d3-v1,res_10,2.615234375,2.69921875,2.7109375,1.8805413641405555,1.7965345889853919,1.7847070980923756,0.083984375,0.095703125,-0.08400677515516364,-0.0958342660481799,0.033782958984375,0.038726806640625,0.038848876953125
B-amazement-d1-v2,res_10,6.0546875,6.08203125,6.0703125,1.304417807759631,1.328913421640273,1.3246367828659977,0.02734375,0.015625,0.02449561388064203,0.020218975106366832,0.07159423828125,0.0751953125,0.0723876953125
B-amazement-d3-v1,res_10,7.69921875,7.703125,7.69921875,2.0759541910517685,2.0702765109020613,2.0697533849446397,0.00390625,0.0,-0.005677680149707154,-0.006200806107128809,0.00829315185546875,0.00843048095703125,0.0084381103515625
B-vigilance-d1-v1,res_10,4.35546875,4.43359375,4.44140625,0.7521598953635,0.7310667679981313,0.7279219321462834,0.078125,0.0859375,-0.021093127365368725,-0.024237963217216607,0.12225341796875,0.1304931640625,0.1302490234375
B-vigilance-d3-v2,res_10,4.0234375,4.09375,4.046875,0.886146119454474,0.8645564062593876,0.895151573701261,0.0703125,0.0234375,-0.021589713195086402,0.009005454246787004,0.1112060546875,0.11822509765625,0.11260986328125
Bm-grief-d1-v1,res_10,5.8828125,5.9140625,5.91015625,0.8384173731317909,0.8428078942501323,0.8375763955397797,0.03125,0.02734375,0.004390521118341373,-0.0008409775920111828,0.1065673828125,0.1085205078125,0.10888671875
Bm-grief-d2-v1,res_10,3.033203125,3.125,3.1328125,0.9817722061068461,0.8984538921252094,0.8927668093636948,0.091796875,0.099609375,-0.0833183139816367,-0.08900539674315133,0.062042236328125,0.0697021484375,0.07000732421875
Bm-grief-d3-v1,res_10,5.54296875,5.55859375,5.55859375,1.0454911905656843,1.0405248013222272,1.039115128309056,0.015625,0.015625,-0.004966389243457048,-0.006376062256628234,0.1641845703125,0.172607421875,0.17626953125
Bm-terror-d2-v1,res_10,5.2734375,5.30859375,5.30859375,1.0194060454202645,1.0307170209016552,1.0307170209016552,0.03515625,0.03515625,0.011310975481390706,0.011310975481390706,0.1595458984375,0.165771484375,0.165771484375
Bm-ecstasy-d2-v1,res_10,5.6328125,5.65234375,5.65625,1.1989097507379678,1.2201072522715823,1.2223394611331446,0.01953125,0.0234375,0.02119750153361455,0.023429710395176828,0.1014404296875,0.10687255859375,0.1083984375
Bm-loathing-d3-v1,res_10,1.998046875,2.041015625,2.01953125,1.6048530256568623,1.5631266534124193,1.582252186244173,0.04296875,0.021484375,-0.04172637224444298,-0.02260083941268931,0.00891876220703125,0.010589599609375,0.009674072265625
Bm-amazement-d1-v2,res_10,7.29296875,7.296875,7.29296875,1.5978297552835814,1.5984375459674802,1.598751144328804,0.00390625,0.0,0.0006077906838988234,0.0009213890452226536,0.0091552734375,0.0091705322265625,0.00911712646484375
Bm-amazement-d3-v1,res_10,5.74609375,5.80859375,5.7734375,1.0085849257002484,1.0669856073670045,1.0338883625803592,0.0625,0.02734375,0.05840068166675616,0.02530343688011083,0.1107177734375,0.10968017578125,0.10943603515625
Bm-vigilance-d1-v1,res_10,5.81640625,5.82421875,5.8359375,1.1429910447733191,1.1525531329901637,1.1644042181226921,0.0078125,0.01953125,0.009562088216844566,0.021413173349372983,0.1478271484375,0.14892578125,0.1531982421875
Bm-vigilance-d3-v2,res_10,4.89453125,4.94140625,4.8984375,0.7767114963009526,0.7907421087016997,0.7897140816849954,0.046875,0.00390625,0.0140306124007471,0.013002585384042753,0.185791015625,0.1937255859375,0.191650390625
N-grief-d1-c1,res_10,6.48046875,6.49609375,6.5078125,1.4010193604616306,1.4171091975086632,1.4315829586655853,0.015625,0.02734375,0.016089837047032596,0.03056359820395471,0.07177734375,0.07342529296875,0.07318115234375
N-grief-d2-c1,res_10,6.4609375,6.47265625,6.47265625,1.4365799955616874,1.454388904034321,1.45348528464411,0.01171875,0.01171875,0.01780890847263361,0.016905289082422614,0.0782470703125,0.079833984375,0.0809326171875
N-grief-d3-c1,res_10,6.81640625,6.8203125,6.82421875,1.3854496861857397,1.3957330775514696,1.395354736057443,0.00390625,0.0078125,0.010283391365729866,0.009905049871703264,0.0279541015625,0.028289794921875,0.02825927734375
N-terror-d2-c1,res_10,6.66796875,6.6796875,6.6875,1.0477793928305497,1.0714089942133098,1.0683542733985696,0.01171875,0.01953125,0.023629601382760157,0.020574880568019926,0.046234130859375,0.046722412109375,0.047271728515625
N-ecstasy-d2-c1,res_10,6.5703125,6.5859375,6.5703125,1.1059136111694634,1.1282025943449525,1.1111725980086247,0.015625,0.0,0.022288983175489108,0.0052589868391612615,0.0643310546875,0.06390380859375,0.06414794921875
N-loathing-d3-c1,res_10,6.77734375,6.79296875,6.80078125,1.1432683158750407,1.1599087673599948,1.1700664078739966,0.015625,0.0234375,0.016640451484954077,0.026798091998955886,0.037353515625,0.03692626953125,0.036224365234375
N-amazement-d1-c2,res_10,6.28125,6.2890625,6.29296875,1.507448066951244,1.5189808079686982,1.5256840102856835,0.0078125,0.01171875,0.011532741017454162,0.018235943334439453,0.09637451171875,0.0968017578125,0.09320068359375
N-amazement-d3-c1,res_10,6.3046875,6.3203125,6.31640625,1.432919083357306,1.4473487194129886,1.4480794589686958,0.015625,0.01171875,0.014429636055682593,0.015160375611389831,0.09906005859375,0.10003662109375,0.0982666015625
N-vigilance-d1-c1,res_10,6.140625,6.15625,6.1796875,1.1623901116807227,1.1772796521442976,1.1989936433892119,0.015625,0.0390625,0.014889540463574935,0.03660353170848918,0.10723876953125,0.1107177734375,0.11114501953125
N-vigilance-d3-c2,res_10,7.20703125,7.203125,7.19921875,1.7236717436969085,1.7319540937769542,1.7350010682299946,-0.00390625,-0.0078125,0.008282350080045742,0.011329324533086105,0.0109710693359375,0.0107574462890625,0.01064300537109375
B-grief-d1-v1,res_15,7.3828125,7.41015625,7.4140625,2.1129619657532714,2.132977199882785,2.1432485803810377,0.02734375,0.03125,0.02001523412951345,0.030286614627766273,0.0145416259765625,0.01322174072265625,0.01288604736328125
B-grief-d2-v1,res_15,4.10546875,4.2421875,4.3125,0.7477898290330849,0.6665071346867679,0.6147916755090157,0.13671875,0.20703125,-0.08128269434631696,-0.13299815352406918,0.08367919921875,0.08740234375,0.0880126953125
B-grief-d3-v1,res_15,6.78125,6.81640625,6.8125,1.3312548552416656,1.3643232224870447,1.3586271348853558,0.03515625,0.03125,0.03306836724537909,0.027372279643690156,0.032928466796875,0.03033447265625,0.0310821533203125
B-terror-d2-v1,res_15,5.02734375,5.1640625,5.21484375,0.604821105866622,0.6560518559128126,0.6954858190242907,0.13671875,0.1875,0.0512307500461906,0.09066471315766877,0.09246826171875,0.0914306640625,0.0936279296875
B-ecstasy-d2-v1,res_15,5.73828125,5.84375,5.87109375,0.6851637670129731,0.7061166590674,0.7083452941868452,0.10546875,0.1328125,0.020952892054426853,0.02318152717387212,0.10150146484375,0.099853515625,0.09698486328125
B-loathing-d3-v1,res_15,2.615234375,2.69140625,2.6796875,1.8805413641405555,1.8037484677661908,1.8155344251898309,0.076171875,0.064453125,-0.0767928963743647,-0.06500693895072462,0.033782958984375,0.0379638671875,0.035125732421875
B-amazement-d1-v2,res_15,6.0546875,6.15234375,6.109375,1.304417807759631,1.387381613162209,1.3548151118384653,0.09765625,0.0546875,0.08296380540257808,0.05039730407883436,0.07159423828125,0.0677490234375,0.07122802734375
B-amazement-d3-v1,res_15,7.69921875,7.71484375,7.70703125,2.0759541910517685,2.0809816650423363,2.0738174245528223,0.015625,0.0078125,0.005027473990567799,-0.00213676649894623,0.00829315185546875,0.007709503173828125,0.0084686279296875
B-vigilance-d1-v1,res_15,4.35546875,4.453125,4.44921875,0.7521598953635,0.6900457044808528,0.7033069960380325,0.09765625,0.09375,-0.06211419088264725,-0.04885289932546755,0.12225341796875,0.1236572265625,0.1275634765625
B-vigilance-d3-v2,res_15,4.0234375,4.1484375,4.078125,0.886146119454474,0.7999323537495768,0.8616357310633342,0.125,0.0546875,-0.08621376570489714,-0.024510388391139726,0.1112060546875,0.1187744140625,0.1170654296875
Bm-grief-d1-v1,res_15,5.8828125,5.98046875,5.9921875,0.8384173731317909,0.8646155514733578,0.8759548196848244,0.09765625,0.109375,0.026198178341566902,0.03753744655303348,0.1065673828125,0.1021728515625,0.103271484375
Bm-grief-d2-v1,res_15,3.033203125,3.099609375,3.08984375,0.9817722061068461,0.9191464704151,0.93493091035501,0.06640625,0.056640625,-0.06262573569174612,-0.046841295751836154,0.062042236328125,0.06695556640625,0.06610107421875
Bm-grief-d3-v1,res_15,5.54296875,5.609375,5.62890625,1.0454911905656843,1.0486780016136956,1.0664139934098285,0.06640625,0.0859375,0.0031868110480113288,0.02092280284414416,0.1641845703125,0.1656494140625,0.1717529296875
Bm-terror-d2-v1,res_15,5.2734375,5.3671875,5.3671875,1.0194060454202645,1.048362293514041,1.048362293514041,0.09375,0.09375,0.028956248093776615,0.028956248093776615,0.1595458984375,0.1575927734375,0.1575927734375
Bm-ecstasy-d2-v1,res_15,5.6328125,5.7265625,5.75390625,1.1989097507379678,1.2877820625984562,1.3138013457914803,0.09375,0.12109375,0.08887231186048838,0.11489159505351254,0.1014404296875,0.09979248046875,0.10223388671875
Bm-loathing-d3-v1,res_15,1.998046875,2.009765625,2.0078125,1.6048530256568623,1.5933749467893474,1.5949332199438175,0.01171875,0.009765625,-0.01147807886751484,-0.009919805713044738,0.00891876220703125,0.010040283203125,0.0092315673828125
Bm-amazement-d1-v2,res_15,7.29296875,7.3125,7.3125,1.5978297552835814,1.6168747749720227,1.6147604345164375,0.01953125,0.01953125,0.0190450196884413,0.016930679232856072,0.0091552734375,0.00829315185546875,0.00835418701171875
Bm-amazement-d3-v1,res_15,5.74609375,5.87109375,5.82421875,1.0085849257002484,1.1211278915869114,1.0740769261390732,0.125,0.078125,0.11254296588666302,0.06549200043882486,0.1107177734375,0.10955810546875,0.11004638671875
Bm-vigilance-d1-v1,res_15,5.81640625,5.88671875,5.890625,1.1429910447733191,1.210688917410839,1.218880196388563,0.0703125,0.07421875,0.06769787263751992,0.07588915161524379,0.1478271484375,0.1446533203125,0.1495361328125
Bm-vigilance-d3-v2,res_15,4.89453125,4.9765625,4.96875,0.7767114963009526,0.7922376900374292,0.7845133403073642,0.08203125,0.07421875,0.015526193736476568,0.007801844006411596,0.185791015625,0.1923828125,0.191162109375
N-grief-d1-c1,res_15,6.48046875,6.53125,6.546875,1.4010193604616306,1.4552208215908324,1.4694085705643554,0.05078125,0.06640625,0.05420146112920188,0.0683892101027248,0.07177734375,0.0687255859375,0.06646728515625
N-grief-d2-c1,res_15,6.4609375,6.53125,6.5234375,1.4365799955616874,1.502562209309638,1.4933303857575382,0.0703125,0.0625,0.06598221374795066,0.05675039019585082,0.0782470703125,0.07415771484375,0.074462890625
N-grief-d3-c1,res_15,6.81640625,6.84765625,6.8515625,1.3854496861857397,1.4149391665126427,1.4163704802886352,0.03125,0.03515625,0.029489480326903017,0.0309207941028955,0.0279541015625,0.0257110595703125,0.02447509765625
N-terror-d2-c1,res_15,6.66796875,6.71484375,6.7265625,1.0477793928305497,1.103901771284863,1.0987299472516543,0.046875,0.05859375,0.05612237845431345,0.05095055442110463,0.046234130859375,0.04345703125,0.0438232421875
N-ecstasy-d2-c1,res_15,6.5703125,6.6171875,6.6171875,1.1059136111694634,1.1558282143338818,1.1498275625300822,0.046875,0.046875,0.049914603164418425,0.04391395136061882,0.0643310546875,0.061492919921875,0.06005859375
N-loathing-d3-c1,res_15,6.77734375,6.80859375,6.83203125,1.1432683158750407,1.1758635052393949,1.1958639533938342,0.03125,0.0546875,0.03259518936435413,0.05259563751879348,0.037353515625,0.03509521484375,0.03314208984375
N-amazement-d1-c2,res_15,6.28125,6.33203125,6.328125,1.507448066951244,1.5614139239585825,1.5570160688108092,0.05078125,0.046875,0.05396585700733847,0.049568001859565225,0.09637451171875,0.09417724609375,0.09271240234375
N-amazement-d3-c1,res_15,6.3046875,6.359375,6.359375,1.432919083357306,1.4856760046987838,1.4874239751015388,0.0546875,0.0546875,0.0527569213414778,0.054504891744232786,0.09906005859375,0.09710693359375,0.09466552734375
N-vigilance-d1-c1,res_15,6.140625,6.19140625,6.20703125,1.1623901116807227,1.2113333430462698,1.2278213572177492,0.05078125,0.06640625,0.048943231365547124,0.0654312455370265,0.10723876953125,0.10577392578125,0.10235595703125
N-vigilance-d3-c2,res_15,7.20703125,7.21875,7.2265625,1.7236717436969085,1.7333165543969469,1.7387430902007073,0.01171875,0.01953125,0.00964481070003842,0.015071346503798821,0.0109710693359375,0.010223388671875,0.0092010498046875
B-grief-d1-v1,res_16,7.3828125,7.359375,7.375,2.1129619657532714,2.086309111386075,2.1076812577837982,-0.0234375,-0.0078125,-0.026652854367196444,-0.0052807079694732195,0.0145416259765625,0.0140838623046875,0.01323699951171875
B-grief-d2-v1,res_16,4.10546875,4.1171875,4.24609375,0.7477898290330849,0.758985691258772,0.6933015418687886,0.01171875,0.140625,0.011195862225687137,-0.05448828716429632,0.08367919921875,0.08551025390625,0.08660888671875
B-grief-d3-v1,res_16,6.78125,6.79296875,6.76953125,1.3312548552416656,1.3513559731971716,1.3483800229659078,0.01171875,-0.01171875,0.020101117955505954,0.017125167724242107,0.032928466796875,0.03167724609375,0.032562255859375
B-terror-d2-v1,res_16,5.02734375,5.0546875,5.109375,0.604821105866622,0.6207872656458862,0.6423127607979404,0.02734375,0.08203125,0.01596615977926419,0.03749165493131845,0.09246826171875,0.09124755859375,0.0894775390625
B-ecstasy-d2-v1,res_16,5.73828125,5.7734375,5.7734375,0.6851637670129731,0.6923583503727724,0.6964977096288975,0.03515625,0.03515625,0.007194583359799278,0.011333942615924353,0.10150146484375,0.0965576171875,0.0966796875
B-loathing-d3-v1,res_16,2.615234375,2.630859375,2.607421875,1.8805413641405555,1.8643543321775868,1.8878952650813172,0.015625,-0.0078125,-0.016187031962968668,0.007353900940761715,0.033782958984375,0.035400390625,0.033294677734375
B-amazement-d1-v2,res_16,6.0546875,6.08984375,5.96875,1.304417807759631,1.3531733664360792,1.2521505354378388,0.03515625,-0.0859375,0.04875555867644832,-0.05226727232179207,0.07159423828125,0.068603515625,0.072998046875
B-amazement-d3-v1,res_16,7.69921875,7.68359375,7.6640625,2.0759541910517685,2.042683747396382,2.027124698253385,-0.015625,-0.03515625,-0.03327044365538656,-0.048829492798383445,0.00829315185546875,0.00809478759765625,0.00946807861328125
B-vigilance-d1-v1,res_16,4.35546875,4.390625,4.3203125,0.7521598953635,0.7354797414981615,0.7843947084494804,0.03515625,-0.03515625,-0.0166801538653385,0.03223481308598042,0.12225341796875,0.12054443359375,0.12005615234375
B-vigilance-d3-v2,res_16,4.0234375,4.0859375,3.943359375,0.886146119454474,0.8477352756806334,0.9662724729207505,0.0625,-0.080078125,-0.03841084377384052,0.0801263534662765,0.1112060546875,0.11163330078125,0.10308837890625
Bm-grief-d1-v1,res_16,5.8828125,5.92578125,5.97265625,0.8384173731317909,0.8449153315040951,0.8702203663702495,0.04296875,0.08984375,0.006497958372304269,0.03180299323845859,0.1065673828125,0.10296630859375,0.10107421875
Bm-grief-d2-v1,res_16,3.033203125,3.05078125,3.017578125,0.9817722061068461,0.9475152323327193,0.9720297351579481,0.017578125,-0.015625,-0.03425697377412684,-0.009742470948898019,0.062042236328125,0.064208984375,0.060577392578125
Bm-grief-d3-v1,res_16,5.54296875,5.5625,5.6015625,1.0454911905656843,1.0309006707965322,1.0567871917316745,0.01953125,0.05859375,-0.014590519769152044,0.011296001165990166,0.1641845703125,0.159912109375,0.168701171875
Bm-terror-d2-v1,res_16,5.2734375,5.3046875,5.3046875,1.0194060454202645,1.0272351864643359,1.0272351864643359,0.03125,0.03125,0.007829141044071397,0.007829141044071397,0.1595458984375,0.155517578125,0.155517578125
Bm-ecstasy-d2-v1,res_16,5.6328125,5.6640625,5.70703125,1.1989097507379678,1.2418415385912258,1.283830001761972,0.03125,0.07421875,0.04293178785325802,0.08492025102400413,0.1014404296875,0.09820556640625,0.10150146484375
Bm-loathing-d3-v1,res_16,1.998046875,1.9755859375,1.927734375,1.6048530256568623,1.6275350321069642,1.675520860805644,-0.0224609375,-0.0703125,0.022682006450101877,0.07066783514878172,0.00891876220703125,0.00914764404296875,0.00746917724609375
Bm-amazement-d1-v2,res_16,7.29296875,7.26953125,7.2578125,1.5978297552835814,1.5726188212061705,1.560168601950247,-0.0234375,-0.03515625,-0.02521093407741093,-0.03766115333333442,0.0091552734375,0.00907135009765625,0.00943756103515625
Bm-amazement-d3-v1,res_16,5.74609375,5.78515625,5.6953125,1.0085849257002484,1.0644139070271676,0.9791394365720976,0.0390625,-0.05078125,0.05582898132691927,-0.029445489128150815,0.1107177734375,0.107666015625,0.10894775390625
Bm-vigilance-d1-v1,res_16,5.81640625,5.85546875,5.84765625,1.1429910447733191,1.1874802026397366,1.186189659036012,0.0390625,0.03125,0.044489157866417495,0.04319861426269278,0.1478271484375,0.13916015625,0.1494140625
Bm-vigilance-d3-v2,res_16,4.89453125,4.91015625,4.90625,0.7767114963009526,0.7671463050722089,0.7667025822891843,0.015625,0.01171875,-0.009565191228743664,-0.010008914011768288,0.185791015625,0.185546875,0.1832275390625
N-grief-d1-c1,res_16,6.48046875,6.48828125,6.515625,1.4010193604616306,1.4224989790676161,1.4524606432529428,0.0078125,0.03515625,0.021479618605985573,0.051441282791312215,0.07177734375,0.07037353515625,0.0677490234375
N-grief-d2-c1,res_16,6.4609375,6.47265625,6.44921875,1.4365799955616874,1.464369379929375,1.4307659720787436,0.01171875,-0.01171875,0.02778938436768774,-0.0058140234829437976,0.0782470703125,0.07745361328125,0.07891845703125
N-grief-d3-c1,res_16,6.81640625,6.8203125,6.8359375,1.3854496861857397,1.400894700196583,1.404112663899864,0.00390625,0.01953125,0.015445014010843305,0.018662977714124285,0.0279541015625,0.0267486572265625,0.0245819091796875
N-terror-d2-c1,res_16,6.66796875,6.63671875,6.65625,1.0477793928305497,1.0541016597199027,1.057793777985419,-0.03125,-0.01171875,0.006322266889353001,0.010014385154869299,0.046234130859375,0.0477294921875,0.047637939453125
N-ecstasy-d2-c1,res_16,6.5703125,6.56640625,6.55859375,1.1059136111694634,1.119499425743256,1.1097618166147438,-0.00390625,-0.01171875,0.013585814573792598,0.003848205445280417,0.0643310546875,0.06402587890625,0.06341552734375
N-loathing-d3-c1,res_16,6.77734375,6.7734375,6.81640625,1.1432683158750407,1.1608657905851847,1.196739740491891,-0.00390625,0.0390625,0.017597474710143945,0.05347142461685017,0.037353515625,0.03668212890625,0.032379150390625
N-amazement-d1-c2,res_16,6.28125,6.27734375,6.296875,1.507448066951244,1.5129871030059885,1.5318081587649786,-0.00390625,0.015625,0.005539036054744484,0.024360091813734552,0.09637451171875,0.0965576171875,0.09393310546875
N-amazement-d3-c1,res_16,6.3046875,6.32421875,6.30859375,1.432919083357306,1.4625079459671237,1.4416433163162674,0.01953125,0.00390625,0.029588862609817745,0.008724232958961409,0.09906005859375,0.09588623046875,0.09619140625
N-vigilance-d1-c1,res_16,6.140625,6.14453125,6.16015625,1.1623901116807227,1.172366507606292,1.1871217956685465,0.00390625,0.01953125,0.009976395925569204,0.02473168398782377,0.10723876953125,0.1064453125,0.10552978515625
N-vigilance-d3-c2,res_16,7.20703125,7.19140625,7.2109375,1.7236717436969085,1.7311423578944227,1.745334103513947,-0.015625,0.00390625,0.007470614197514269,0.021662359817038457,0.0109710693359375,0.0111236572265625,0.00945281982421875
B-grief-d1-v1,mlp_10,7.3828125,7.3671875,7.3671875,2.1129619657532714,2.104668711348143,2.102992981791794,-0.015625,-0.015625,-0.008293254405128625,-0.009968983961477385,0.0145416259765625,0.0139617919921875,0.0141754150390625
B-grief-d2-v1,mlp_10,4.10546875,4.09375,4.09765625,0.7477898290330849,0.7667076706944311,0.762811520205603,-0.01171875,-0.0078125,0.018917841661346246,0.01502169117251817,0.08367919921875,0.0810546875,0.07989501953125
B-grief-d3-v1,mlp_10,6.78125,6.79296875,6.78515625,1.3312548552416656,1.3488221600963466,1.3426317888985415,0.01171875,0.00390625,0.017567304854680943,0.011376933656875865,0.032928466796875,0.0310821533203125,0.0318603515625
B-terror-d2-v1,mlp_10,5.02734375,5.01953125,5.01171875,0.604821105866622,0.5956623454573586,0.5985288875007582,-0.0078125,-0.015625,-0.009158760409263333,-0.0062922183658638,0.09246826171875,0.08953857421875,0.08953857421875
B-ecstasy-d2-v1,mlp_10,5.73828125,5.7421875,5.75,0.6851637670129731,0.6768680149282573,0.6794350306355743,0.00390625,0.01171875,-0.00829575208471578,-0.005728736377398791,0.10150146484375,0.0994873046875,0.100341796875
B-loathing-d3-v1,mlp_10,2.615234375,2.609375,2.625,1.8805413641405555,1.8865950939508052,1.8707013973700966,-0.005859375,0.009765625,0.006053729810249653,-0.009839966770458952,0.033782958984375,0.032684326171875,0.0338134765625
B-amazement-d1-v2,mlp_10,6.0546875,6.0546875,6.0625,1.304417807759631,1.3100814162960717,1.32248243327621,0.0,0.0078125,0.005663608536440767,0.018064625516579058,0.07159423828125,0.070068359375,0.06744384765625
B-amazement-d3-v1,mlp_10,7.69921875,7.6953125,7.69921875,2.0759541910517685,2.0793167422047363,2.082849148180265,-0.00390625,0.0,0.0033625511529677965,0.006894957128496415,0.00829315185546875,0.0080413818359375,0.00782012939453125
B-vigilance-d1-v1,mlp_10,4.35546875,4.34765625,4.32421875,0.7521598953635,0.7654345474011555,0.7831488394202222,-0.0078125,-0.03125,0.013274652037655432,0.030988944056722145,0.12225341796875,0.118408203125,0.11749267578125
B-vigilance-d3-v2,mlp_10,4.0234375,4.015625,3.990234375,0.886146119454474,0.8984091057077499,0.9129260424467244,-0.0078125,-0.033203125,0.012262986253275932,0.026779922992250405,0.1112060546875,0.11083984375,0.10552978515625
Bm-grief-d1-v1,mlp_10,5.8828125,5.8828125,5.890625,0.8384173731317909,0.8303422910461035,0.8250933073903135,0.0,0.0078125,-0.008075082085687413,-0.013324065741477376,0.1065673828125,0.10369873046875,0.103271484375
Bm-grief-d2-v1,mlp_10,3.033203125,3.029296875,3.037109375,0.9817722061068461,0.9941772326518568,0.9881732549501866,-0.00390625,0.00390625,0.012405026545010633,0.006401048843340473,0.062042236328125,0.060333251953125,0.06072998046875
Bm-grief-d3-v1,mlp_10,5.54296875,5.53515625,5.5390625,1.0454911905656843,1.024341055880762,1.0281991485802804,-0.0078125,-0.00390625,-0.021150134684922328,-0.017292041985403905,0.1641845703125,0.1634521484375,0.1619873046875
Bm-terror-d2-v1,mlp_10,5.2734375,5.2734375,5.2734375,1.0194060454202645,1.0065540233727612,1.0065540233727612,0.0,0.0,-0.012852022047503242,-0.012852022047503242,0.1595458984375,0.1568603515625,0.1568603515625
Bm-ecstasy-d2-v1,mlp_10,5.6328125,5.6328125,5.62890625,1.1989097507379678,1.2039614971298367,1.198824433909981,0.0,-0.00390625,0.005051746391868894,-8.53168279868477e-05,0.1014404296875,0.099853515625,0.0985107421875
Bm-loathing-d3-v1,mlp_10,1.998046875,2.015625,2.009765625,1.6048530256568623,1.5870160843088037,1.592711760246664,0.017578125,0.01171875,-0.017836941348058577,-0.012141265410198221,0.00891876220703125,0.00858306884765625,0.00861358642578125
Bm-amazement-d1-v2,mlp_10,7.29296875,7.2890625,7.2890625,1.5978297552835814,1.593227990627101,1.5938857571934872,-0.00390625,-0.00390625,-0.004601764656480434,-0.0039439980900941585,0.0091552734375,0.00867462158203125,0.008819580078125
Bm-amazement-d3-v1,mlp_10,5.74609375,5.76171875,5.78125,1.0085849257002484,1.0303681556581288,1.0428568486149397,0.015625,0.03515625,0.0217832299578804,0.03427192291469128,0.1107177734375,0.10772705078125,0.106201171875
Bm-vigilance-d1-v1,mlp_10,5.81640625,5.82421875,5.82421875,1.1429910447733191,1.154855127106394,1.157056319761515,0.0078125,0.0078125,0.011864082333074899,0.014065274988195764,0.1478271484375,0.1436767578125,0.1427001953125
Bm-vigilance-d3-v2,mlp_10,4.89453125,4.88671875,4.87890625,0.7767114963009526,0.7611877689064747,0.768110136157221,-0.0078125,-0.015625,-0.015523727394477937,-0.008601360143731585,0.185791015625,0.1807861328125,0.183349609375
N-grief-d1-c1,mlp_10,6.48046875,6.4921875,6.48828125,1.4010193604616306,1.4211879189688654,1.4174716742733555,0.01171875,0.0078125,0.02016855850723487,0.01645231381172496,0.07177734375,0.068115234375,0.07012939453125
N-grief-d2-c1,mlp_10,6.4609375,6.46875,6.47265625,1.4365799955616874,1.4517362703321017,1.4480924354842337,0.0078125,0.01171875,0.015156274770414369,0.011512439922546358,0.0782470703125,0.07513427734375,0.07708740234375
N-grief-d3-c1,mlp_10,6.81640625,6.81640625,6.81640625,1.3854496861857397,1.3954935916250393,1.3950111367211875,0.0,0.0,0.01004390543929956,0.009561450535447769,0.0279541015625,0.027008056640625,0.0269927978515625
N-terror-d2-c1,mlp_10,6.66796875,6.66796875,6.66796875,1.0477793928305497,1.0693640219211948,1.062480606410665,0.0,0.0,0.02158462909064518,0.014701213580115446,0.046234130859375,0.043914794921875,0.044158935546875
N-ecstasy-d2-c1,mlp_10,6.5703125,6.578125,6.57421875,1.1059136111694634,1.120197746480544,1.1121074740900694,0.0078125,0.00390625,0.014284135311080526,0.006193862920605975,0.0643310546875,0.0616455078125,0.06134033203125
N-loathing-d3-c1,mlp_10,6.77734375,6.7890625,6.79296875,1.1432683158750407,1.1623703074697038,1.165683370794843,0.01171875,0.015625,0.01910199159466308,0.022415054919802335,0.037353515625,0.03472900390625,0.034942626953125
N-amazement-d1-c2,mlp_10,6.28125,6.2890625,6.296875,1.507448066951244,1.522733373384657,1.5295688829847398,0.0078125,0.015625,0.015285306433413082,0.022120816033495805,0.09637451171875,0.0927734375,0.0906982421875
N-amazement-d3-c1,mlp_10,6.3046875,6.3203125,6.3203125,1.432919083357306,1.4501822260718118,1.4498700961283189,0.015625,0.015625,0.017263142714505797,0.016951012771012852,0.09906005859375,0.09552001953125,0.096923828125
N-vigilance-d1-c1,mlp_10,6.140625,6.15625,6.16015625,1.1623901116807227,1.1797847741126586,1.1856020426131675,0.015625,0.01953125,0.01739466243193588,0.02321193093244478,0.10723876953125,0.1041259765625,0.10491943359375
N-vigilance-d3-c2,mlp_10,7.20703125,7.19921875,7.19921875,1.7236717436969085,1.7354202828107823,1.742220245292578,-0.0078125,-0.0078125,0.011748539113873857,0.018548501595669453,0.0109710693359375,0.010284423828125,0.01023101806640625
B-grief-d1-v1,attn_14,7.3828125,7.38671875,7.38671875,2.1129619657532714,2.1201533765867655,2.118523086902097,0.00390625,0.00390625,0.007191410833494061,0.005561121148825343,0.0145416259765625,0.01349639892578125,0.01349639892578125
B-grief-d2-v1,attn_14,4.10546875,4.1328125,4.125,0.7477898290330849,0.7478986788074432,0.7557084246646372,0.02734375,0.01953125,0.00010884977435832166,0.007918595631552283,0.08367919921875,0.07855224609375,0.07891845703125
B-grief-d3-v1,attn_14,6.78125,6.79296875,6.79296875,1.3312548552416656,1.337548803632539,1.3378861862166371,0.01171875,0.01171875,0.006293948390873272,0.006631330974971483,0.032928466796875,0.03009033203125,0.0301361083984375
B-terror-d2-v1,attn_14,5.02734375,5.0390625,5.046875,0.604821105866622,0.6088630421100487,0.6129240278823979,0.01171875,0.01953125,0.004041936243426747,0.008102922015775893,0.09246826171875,0.08734130859375,0.0855712890625
B-ecstasy-d2-v1,attn_14,5.73828125,5.7578125,5.7578125,0.6851637670129731,0.6853049471295454,0.6853049471295454,0.01953125,0.01953125,0.00014118011657227036,0.00014118011657227036,0.10150146484375,0.09515380859375,0.09515380859375
B-loathing-d3-v1,attn_14,2.615234375,2.640625,2.64453125,1.8805413641405555,1.853063400416914,1.8504840034206385,0.025390625,0.029296875,-0.02747796372364153,-0.030057360719917048,0.033782958984375,0.032379150390625,0.0325927734375
B-amazement-d1-v2,attn_14,6.0546875,6.08203125,6.08203125,1.304417807759631,1.3256301558743986,1.322634019880772,0.02734375,0.02734375,0.021212348114767687,0.018216212121141107,0.07159423828125,0.066162109375,0.06793212890625
B-amazement-d3-v1,attn_14,7.69921875,7.703125,7.703125,2.0759541910517685,2.0788372750099304,2.0805967693612857,0.00390625,0.00390625,0.002883083958161947,0.004642578309517198,0.00829315185546875,0.007808685302734375,0.007701873779296875
B-vigilance-d1-v1,attn_14,4.35546875,4.375,4.37109375,0.7521598953635,0.7499574262606588,0.7562030277445527,0.01953125,0.015625,-0.0022024691028412757,0.004043132381052694,0.12225341796875,0.11572265625,0.11700439453125
B-vigilance-d3-v2,attn_14,4.0234375,4.04296875,4.05078125,0.886146119454474,0.8869868047672897,0.8852576415297237,0.01953125,0.02734375,0.000840685312815781,-0.0008884779247502195,0.1112060546875,0.1044921875,0.10504150390625
Bm-grief-d1-v1,attn_14,5.8828125,5.90625,5.8984375,0.8384173731317909,0.8385258650609848,0.8409284045398838,0.0234375,0.015625,0.00010849192919393236,0.0025110314080929452,0.1065673828125,0.0992431640625,0.10009765625
Bm-grief-d2-v1,attn_14,3.033203125,3.05078125,3.05859375,0.9817722061068461,0.9740566256170722,0.9691759798226692,0.017578125,0.025390625,-0.007715580489773943,-0.012596226284176892,0.062042236328125,0.057861328125,0.059173583984375
Bm-grief-d3-v1,attn_14,5.54296875,5.55078125,5.54296875,1.0454911905656843,1.0426991785717141,1.036923820973744,0.0078125,0.0,-0.002792011993970167,-0.008567369591940377,0.1641845703125,0.15478515625,0.1541748046875
Bm-terror-d2-v1,attn_14,5.2734375,5.28515625,5.28515625,1.0194060454202645,1.0193403742259177,1.0193403742259177,0.01171875,0.01171875,-6.567119434675028e-05,-6.567119434675028e-05,0.1595458984375,0.150634765625,0.150634765625
Bm-ecstasy-d2-v1,attn_14,5.6328125,5.64453125,5.6328125,1.1989097507379678,1.2105874872348967,1.1994961634032015,0.01171875,0.0,0.011677736496928937,0.0005864126652337376,0.1014404296875,0.09649658203125,0.09698486328125
Bm-loathing-d3-v1,attn_14,1.998046875,2.017578125,2.013671875,1.6048530256568623,1.5843577203685502,1.588779582866111,0.01953125,0.015625,-0.020495305288312116,-0.01607344279075118,0.00891876220703125,0.0085601806640625,0.0085906982421875
Bm-amazement-d1-v2,attn_14,7.29296875,7.30078125,7.296875,1.5978297552835814,1.6034316576021417,1.5993128544845483,0.0078125,0.00390625,0.005601902318560281,0.0014830992009668975,0.0091552734375,0.00855255126953125,0.00847625732421875
Bm-amazement-d3-v1,attn_14,5.74609375,5.76953125,5.76953125,1.0085849257002484,1.0275921084442032,1.0267525568873286,0.0234375,0.0234375,0.019007182743954854,0.018167631187080202,0.1107177734375,0.10321044921875,0.10260009765625
Bm-vigilance-d1-v1,attn_14,5.81640625,5.83203125,5.8203125,1.1429910447733191,1.1618010662202642,1.1469072344130464,0.015625,0.00390625,0.018810021446945102,0.0039161896397272855,0.1478271484375,0.137451171875,0.1380615234375
Bm-vigilance-d3-v2,attn_14,4.89453125,4.90234375,4.90234375,0.7767114963009526,0.7675882122875642,0.7614464852922382,0.0078125,0.0078125,-0.009123284013388355,-0.015265011008714358,0.185791015625,0.1778564453125,0.1754150390625
N-grief-d1-c1,attn_14,6.48046875,6.48828125,6.4921875,1.4010193604616306,1.4093944859994574,1.41227261747704,0.0078125,0.01171875,0.008375125537826822,0.011253257015409357,0.07177734375,0.0667724609375,0.06597900390625
N-grief-d2-c1,attn_14,6.4609375,6.4765625,6.48046875,1.4365799955616874,1.4483326476496812,1.4482424812570454,0.015625,0.01953125,0.011752652087993809,0.011662485695357994,0.0782470703125,0.072021484375,0.07183837890625
N-grief-d3-c1,attn_14,6.81640625,6.8203125,6.82421875,1.3854496861857397,1.390051727897268,1.3913191109076781,0.00390625,0.0078125,0.004602041711528226,0.00586942472193841,0.0279541015625,0.0259552001953125,0.02557373046875
N-terror-d2-c1,attn_14,6.66796875,6.6796875,6.67578125,1.0477793928305497,1.0563331794788238,1.0592792218648261,0.01171875,0.0078125,0.008553786648274109,0.011499829034276488,0.046234130859375,0.04302978515625,0.0426025390625
N-ecstasy-d2-c1,attn_14,6.5703125,6.578125,6.58203125,1.1059136111694634,1.1127218783071897,1.1155118207679302,0.0078125,0.01171875,0.006808267137726309,0.0095982095984668,0.0643310546875,0.059906005859375,0.059051513671875
N-loathing-d3-c1,attn_14,6.77734375,6.7890625,6.7890625,1.1432683158750407,1.1505651387844025,1.1536384679096632,0.01171875,0.01171875,0.007296822909361733,0.010370152034622437,0.037353515625,0.034210205078125,0.03436279296875
N-amazement-d1-c2,attn_14,6.28125,6.2890625,6.29296875,1.507448066951244,1.516091895540498,1.519537481509031,0.0078125,0.01171875,0.008643828589254055,0.012089414557787004,0.09637451171875,0.090087890625,0.0888671875
N-amazement-d3-c1,attn_14,6.3046875,6.3125,6.32421875,1.432919083357306,1.4401784805915483,1.451167309049286,0.0078125,0.01953125,0.007259397234242293,0.018248225691980036,0.09906005859375,0.093994140625,0.0916748046875
N-vigilance-d1-c1,attn_14,6.140625,6.15234375,6.15625,1.1623901116807227,1.1712812024540937,1.17535815806212,0.01171875,0.015625,0.008891090773371024,0.012968046381397258,0.10723876953125,0.10198974609375,0.1011962890625
N-vigilance-d3-c2,attn_14,7.20703125,7.2109375,7.20703125,1.7236717436969085,1.7240224231074857,1.7247247979558054,0.00390625,0.0,0.00035067941057720375,0.0010530542588969016,0.0109710693359375,0.00997161865234375,0.00981903076171875
