layer,component,probe_r2,mean_ot_recovery,median_ot_recovery,mean_ot_displacement,mean_marg_recovery,valid_pairs,model_name
0,mlp,0.3025241215029376,-1.394875712415583,-1.5409796133809883,0.13398898945500834,-1.4402483068427396,12,Qwen/Qwen2.5-1.5B-Instruct
0,attn,0.3394792632261846,-0.9204307810866194,0.4924419721506701,0.1328184374757848,-0.9437031163580079,12,Qwen/Qwen2.5-1.5B-Instruct
0,resid,0.3128617704156941,-1.1450818889373466,0.01780411048996622,0.13340569352192794,-1.1683542242087417,12,Qwen/Qwen2.5-1.5B-Instruct
1,mlp,0.3044616787390858,-0.47172050327226506,0.09630608827309595,0.13314652279021993,-0.5139291564113201,12,Qwen/Qwen2.5-1.5B-Instruct
1,attn,0.32632936106227517,0.7779193189700884,0.4337083521015084,0.13206663778081115,1.1618321825158715,12,Qwen/Qwen2.5-1.5B-Instruct
1,resid,0.35293041243506607,-0.04197248332589813,-0.9846798461265682,0.13155548680140067,-0.08890421450918154,12,Qwen/Qwen2.5-1.5B-Instruct
2,mlp,0.36075179355504505,-0.3230700470684337,0.5380427314617409,0.13214393550534229,-0.3744231716868135,12,Qwen/Qwen2.5-1.5B-Instruct
2,attn,0.3971423956021918,-0.7756052740394221,-0.20729421884745913,0.13210120705360517,-0.828854709785475,12,Qwen/Qwen2.5-1.5B-Instruct
2,resid,0.3942509420035891,-1.9334551235226316,0.2237415084962835,0.1334421617715465,-1.9784274083739728,12,Qwen/Qwen2.5-1.5B-Instruct
3,mlp,0.39320118835875817,1.3779303833576728,3.7795250569883585,0.12940805966511382,2.107126308676599,12,Qwen/Qwen2.5-1.5B-Instruct
3,attn,0.49031174745521056,0.5950785840319495,0.858089446893795,0.13267101385971486,0.6353425965139242,12,Qwen/Qwen2.5-1.5B-Instruct
3,resid,0.36942661092029117,-2.731398641397505,-0.2286829902299059,0.1336126499486383,-2.793966682799436,12,Qwen/Qwen2.5-1.5B-Instruct
4,mlp,0.3847244483284784,1.6681759398650864,0.2797161206413157,0.13177736287431094,2.3268540198200323,12,Qwen/Qwen2.5-1.5B-Instruct
4,attn,0.3997276812876487,-2.044045328901169,-0.9481069947135712,0.13366818887552326,-2.0962757236842156,12,Qwen/Qwen2.5-1.5B-Instruct
4,resid,0.35211316415959215,-2.7134275002186943,-2.1524677114484803,0.13490534287764352,-2.772216682803642,12,Qwen/Qwen2.5-1.5B-Instruct
5,mlp,0.36849458985029315,-0.5728545283299746,0.3496811069324368,0.13213825949514865,-0.6292481607237332,12,Qwen/Qwen2.5-1.5B-Instruct
5,attn,0.38444930854535975,0.6114611784979147,0.17252020548415015,0.1316476970318335,1.0858311733016426,12,Qwen/Qwen2.5-1.5B-Instruct
5,resid,0.4059061337748695,-2.231307387852471,-1.1171291554660345,0.13423634977628385,-2.2748987614834393,12,Qwen/Qwen2.5-1.5B-Instruct
6,mlp,0.422921995942391,-0.16746372806140014,-0.372217280100251,0.1329295910277248,-0.05430282256984609,12,Qwen/Qwen2.5-1.5B-Instruct
6,attn,0.4698219023008925,-1.2267167619132582,-0.48861670903641574,0.13328716679816152,-1.1940586320839914,12,Qwen/Qwen2.5-1.5B-Instruct
6,resid,0.46969358376565395,-3.7001507745077413,-3.1872512854390855,0.1365558428390033,-3.7345912039131597,12,Qwen/Qwen2.5-1.5B-Instruct
7,mlp,0.47870258971142154,1.2099161389681727,0.8657602042351331,0.13158214513557118,1.5718039057035411,12,Qwen/Qwen2.5-1.5B-Instruct
7,attn,0.43209676180195533,-0.5046060541309849,0.45598157699344166,0.13238762162323323,-0.5345076775472708,12,Qwen/Qwen2.5-1.5B-Instruct
7,resid,0.472640841288117,-2.090234513097435,-2.879392222018784,0.1347948274116319,-2.142516431690673,12,Qwen/Qwen2.5-1.5B-Instruct
8,mlp,0.46710805934330324,-0.9357837738461328,-0.599931043417179,0.13299165212489208,-0.9028924725480161,12,Qwen/Qwen2.5-1.5B-Instruct
8,attn,0.3836995163796757,0.20200560113872815,-0.1652181461777702,0.13211460680525203,0.4644581196685436,12,Qwen/Qwen2.5-1.5B-Instruct
8,resid,0.46190249881560363,-3.0471622925136432,-2.745928381671292,0.13517173928690188,-3.098352793776273,12,Qwen/Qwen2.5-1.5B-Instruct
9,mlp,0.4133761970091987,0.783028795927441,0.7052853155545602,0.1320652514370146,1.201296220054925,12,Qwen/Qwen2.5-1.5B-Instruct
9,attn,0.4156994661481158,0.08957164041228463,-0.5762581578232173,0.1319086443131344,0.04209071909539637,12,Qwen/Qwen2.5-1.5B-Instruct
9,resid,0.4141290958474999,-2.3134627502459204,-0.7294469455158326,0.13391586931162264,-2.3698189409656374,12,Qwen/Qwen2.5-1.5B-Instruct
10,mlp,0.48165326933941666,2.204613878940855,1.524822154613431,0.12999323338427282,2.1696188787925164,12,Qwen/Qwen2.5-1.5B-Instruct
10,attn,0.4752705350449766,0.7824839156054355,1.193039099424159,0.13155166614357014,0.7598276028626672,12,Qwen/Qwen2.5-1.5B-Instruct
10,resid,0.47435944186210866,-1.3739955232479923,-0.4236023688744983,0.13359099066155583,-1.382866682018504,12,Qwen/Qwen2.5-1.5B-Instruct
11,mlp,0.4891475142500067,0.25473561617112284,0.10538377535396215,0.1324725479834896,0.34686209416553426,12,Qwen/Qwen2.5-1.5B-Instruct
11,attn,0.4830496739839193,0.2071333134515583,0.1770777068275775,0.13217205902415982,0.26460696295628383,12,Qwen/Qwen2.5-1.5B-Instruct
11,resid,0.45192937007303546,-0.16404038482254285,0.5030460561708527,0.13202169069835415,-0.2114026281164786,12,Qwen/Qwen2.5-1.5B-Instruct
12,mlp,0.45709796077943365,-0.9172638029355723,-0.20595753068332057,0.13281614418696486,-0.9223696574537246,12,Qwen/Qwen2.5-1.5B-Instruct
12,attn,0.4085166553730524,1.4594972580227794,1.2540719306096348,0.13108335627365444,1.5897852647216677,12,Qwen/Qwen2.5-1.5B-Instruct
12,resid,0.45609914629264536,-0.5253439254233421,-0.09437581747658852,0.13215216496459442,-0.46596407030285264,12,Qwen/Qwen2.5-1.5B-Instruct
13,mlp,0.5150749358513724,-0.062168399484376545,0.0716091800736618,0.13164803385126544,0.018627279727094027,12,Qwen/Qwen2.5-1.5B-Instruct
13,attn,0.5205449852737194,0.9207434189335775,0.5525831471492826,0.13106907482503266,1.2835428022913977,12,Qwen/Qwen2.5-1.5B-Instruct
13,resid,0.48868927115890604,0.6143906772058515,0.03971288827836483,0.1313640895652492,0.7902460372906817,12,Qwen/Qwen2.5-1.5B-Instruct
14,mlp,0.5372225943587466,1.3504733153288893,1.2902907544383224,0.13071953765239525,1.5530364232957914,12,Qwen/Qwen2.5-1.5B-Instruct
14,attn,0.531314161711314,-0.3559976867418305,0.13616866706783193,0.1319635864425354,-0.3010329882585918,12,Qwen/Qwen2.5-1.5B-Instruct
14,resid,0.5016090097253643,0.7142530118863409,1.5653279326301506,0.13105880790836347,0.9696093821642502,12,Qwen/Qwen2.5-1.5B-Instruct
15,mlp,0.5610213134880262,0.9959048177575138,0.7247916402207066,0.13073709204042522,1.091204487842242,12,Qwen/Qwen2.5-1.5B-Instruct
15,attn,0.5216718512558087,-0.5186242710285162,-0.18312711192609576,0.1329229503199383,-0.38550832268518986,12,Qwen/Qwen2.5-1.5B-Instruct
15,resid,0.486193352704965,0.2537692895846414,-0.2547867326019415,0.1319420252930041,0.4120374811196213,12,Qwen/Qwen2.5-1.5B-Instruct
16,mlp,0.5158185707332452,1.0232473013986796,0.7352031844925278,0.13077376631797358,1.2039576435712351,12,Qwen/Qwen2.5-1.5B-Instruct
16,attn,0.4912982682730477,0.9818583429532568,0.9464815424426565,0.13077819107185282,1.1464214768139338,12,Qwen/Qwen2.5-1.5B-Instruct
16,resid,0.47048350657078997,1.6778772367466859,0.8417120583841142,0.1300072666407736,1.8563615594774985,12,Qwen/Qwen2.5-1.5B-Instruct
17,mlp,0.4771971597509498,-0.04466935948296742,-0.15382047740117866,0.13300673015911166,-0.017114658534164717,12,Qwen/Qwen2.5-1.5B-Instruct
17,attn,0.49355657005229014,-0.04394341020800645,0.08183103580253204,0.13249240440220816,0.1352224007980009,12,Qwen/Qwen2.5-1.5B-Instruct
17,resid,0.4431816589613349,1.3399651430134671,1.2963253573121891,0.13124669757801674,1.8072132876144213,12,Qwen/Qwen2.5-1.5B-Instruct
18,mlp,0.5513253107247977,-0.4263181853349507,-0.5336131290236912,0.13225710165584192,0.10655432991582188,12,Qwen/Qwen2.5-1.5B-Instruct
18,attn,0.5494755095533401,0.04097108008349799,0.14382348115256627,0.1328903647993458,0.3973869547106,12,Qwen/Qwen2.5-1.5B-Instruct
18,resid,0.48477868555050496,-0.577355752286977,-0.0511932372143753,0.13272865197843467,-0.07512274954407927,12,Qwen/Qwen2.5-1.5B-Instruct
19,mlp,0.44338873577793303,-0.15260879668035726,-0.14057421400595627,0.13283802771777,-0.10158067404740696,12,Qwen/Qwen2.5-1.5B-Instruct
19,attn,0.4482967706981994,-0.17529142706805556,0.866099366752282,0.13186032091897018,-0.18068029918949974,12,Qwen/Qwen2.5-1.5B-Instruct
19,resid,0.43296671344523985,0.8077596872205578,0.1652817185869515,0.131473846937887,1.0339654024740326,12,Qwen/Qwen2.5-1.5B-Instruct
20,mlp,0.4865632004374768,-0.3796543746928718,0.15076556883673042,0.13291173930452727,-0.2863175152407591,12,Qwen/Qwen2.5-1.5B-Instruct
20,attn,0.4602461744702282,1.4814452521309982,0.7508796245046523,0.1313609606886773,1.8529124966877735,12,Qwen/Qwen2.5-1.5B-Instruct
20,resid,0.4007587681949353,0.6492834543307392,0.524507202842428,0.13146481775895966,1.0232629067270413,12,Qwen/Qwen2.5-1.5B-Instruct
21,mlp,0.52226955518876,0.6199668568496057,0.09342940386572463,0.13194773014937702,0.6794394169064549,12,Qwen/Qwen2.5-1.5B-Instruct
21,attn,0.48586462383686235,0.2052054112102112,0.801123322217473,0.132167075092453,0.4778075216870477,12,Qwen/Qwen2.5-1.5B-Instruct
21,resid,0.3902935345391536,0.847107244503185,0.5683749207631539,0.13104385141585023,0.9385169632960535,12,Qwen/Qwen2.5-1.5B-Instruct
22,mlp,0.39233286396952094,0.15676953974212887,0.07925486856654174,0.13219594938344495,0.18267873740604085,12,Qwen/Qwen2.5-1.5B-Instruct
22,attn,0.40761005317412835,0.9566263428152311,0.24034800933257494,0.131524298188292,1.1438816337808273,12,Qwen/Qwen2.5-1.5B-Instruct
22,resid,0.21934710510476774,0.3133800510656334,0.2662128002106856,0.132007451597799,0.3806950375921936,12,Qwen/Qwen2.5-1.5B-Instruct
23,mlp,0.3773972733064256,0.5163802987045857,0.15559097297234703,0.1316175682050425,0.7421404043418605,12,Qwen/Qwen2.5-1.5B-Instruct
23,attn,0.4513671634802343,1.2279859172012333,0.5885524571722145,0.13097380251869004,1.3131860319967872,12,Qwen/Qwen2.5-1.5B-Instruct
23,resid,0.21073558706035356,1.3146283438252924,0.5701259470236197,0.13113553641229161,1.3803255794946558,12,Qwen/Qwen2.5-1.5B-Instruct
24,mlp,0.3513668242171475,0.8357605390434925,0.21174757471372208,0.13140389606759603,0.8607205086694011,12,Qwen/Qwen2.5-1.5B-Instruct
24,attn,0.4072362255507739,0.608798103963204,0.5286767360332456,0.1315508835708521,0.6088274447417292,12,Qwen/Qwen2.5-1.5B-Instruct
24,resid,0.14695431552817229,-0.0007877494936562682,0.11564702608978794,0.13263509691428627,-0.01174617809842719,12,Qwen/Qwen2.5-1.5B-Instruct
25,mlp,0.31783655178942916,-0.3619200407967852,0.13673997773829827,0.13247001421839147,-0.3414498501750981,12,Qwen/Qwen2.5-1.5B-Instruct
25,attn,0.4100425896794364,0.9664347492547835,0.8426572724614945,0.13108714448023454,1.0486038107285036,12,Qwen/Qwen2.5-1.5B-Instruct
25,resid,0.17899571323129182,0.1846685233615299,0.4007026618575271,0.13227333231419464,0.14501965836645386,12,Qwen/Qwen2.5-1.5B-Instruct
26,mlp,0.3311099213211399,0.44386835328986224,0.417519412698264,0.13155184373669904,0.47772820833986707,12,Qwen/Qwen2.5-1.5B-Instruct
26,attn,0.10397305123934752,0.41490932338454356,0.5578965763901766,0.13181743350627695,0.4253774585119857,12,Qwen/Qwen2.5-1.5B-Instruct
26,resid,0.16807198976386262,0.22937685491136728,0.22507768303697273,0.13187397520190564,0.2237749671318697,12,Qwen/Qwen2.5-1.5B-Instruct
27,mlp,0.31310248182972134,-8.604228440844963e-14,-4.440892098500626e-14,0.13210684738942594,2.0354088784794534e-14,12,Qwen/Qwen2.5-1.5B-Instruct
27,attn,-0.26704456552073386,-7.771561172376096e-14,-2.220446049250313e-14,0.13210684738942594,5.2735593669694936e-14,12,Qwen/Qwen2.5-1.5B-Instruct
27,resid,0.24961979634931575,-9.066821367772111e-14,-9.992007221626409e-14,0.13210684738942596,-1.1472304587793286e-13,12,Qwen/Qwen2.5-1.5B-Instruct
