{"id": "B-grief-d1-v1", "e_v_base": 6.633758368858937, "b_x_base": 15.703125, "e_v_int": 6.589558881281715, "b_x_int": 15.703125}
{"id": "B-grief-d2-v1", "e_v_base": 5.142684235602159, "b_x_base": 5.875, "e_v_int": 4.964771526976488, "b_x_int": 5.875}
{"id": "B-grief-d3-v1", "e_v_base": 6.24235915210286, "b_x_base": 18.78125, "e_v_int": 6.255450837977975, "b_x_int": 18.78125}
{"id": "B-terror-d2-v1", "e_v_base": 5.0595655416015735, "b_x_base": 15.1875, "e_v_int": 4.90495209621257, "b_x_int": 15.1875}
{"id": "B-ecstasy-d2-v1", "e_v_base": 5.617693627189548, "b_x_base": 13.3125, "e_v_int": 5.581959427519481, "b_x_int": 13.3125}
{"id": "B-loathing-d3-v1", "e_v_base": 3.9361641306937707, "b_x_base": 19.296875, "e_v_int": 3.6644780091226927, "b_x_int": 19.296875}
{"id": "B-amazement-d1-v2", "e_v_base": 5.377266325962948, "b_x_base": 15.03125, "e_v_int": 5.265653791700543, "b_x_int": 15.03125}
{"id": "B-amazement-d3-v1", "e_v_base": 6.893148173973877, "b_x_base": 13.875, "e_v_int": 6.887449987175384, "b_x_int": 13.875}
{"id": "B-vigilance-d1-v1", "e_v_base": 4.461036035706957, "b_x_base": 15.96875, "e_v_int": 4.324236705007704, "b_x_int": 15.96875}
{"id": "B-vigilance-d3-v2", "e_v_base": 4.659135723376699, "b_x_base": 12.875, "e_v_int": 4.4746693944776235, "b_x_int": 12.875}
{"id": "Bm-grief-d1-v1", "e_v_base": 5.762468767725393, "b_x_base": 17.328125, "e_v_int": 5.720033193185598, "b_x_int": 17.328125}
{"id": "Bm-grief-d2-v1", "e_v_base": 3.7595472032388066, "b_x_base": 18.40625, "e_v_int": 3.526458719425646, "b_x_int": 18.40625}
{"id": "Bm-grief-d3-v1", "e_v_base": 4.779086596344037, "b_x_base": 10.71875, "e_v_int": 4.650161810710346, "b_x_int": 10.71875}
{"id": "Bm-terror-d2-v1", "e_v_base": 5.054597762423982, "b_x_base": 15.0, "e_v_int": 4.910057603331405, "b_x_int": 15.0}
{"id": "Bm-ecstasy-d2-v1", "e_v_base": 5.4722005762299055, "b_x_base": 17.296875, "e_v_int": 5.394761159313587, "b_x_int": 17.296875}
{"id": "Bm-loathing-d3-v1", "e_v_base": 2.822740089745767, "b_x_base": 8.3125, "e_v_int": 2.7111004681752924, "b_x_int": 8.3125}
{"id": "Bm-amazement-d1-v2", "e_v_base": 6.930123237647433, "b_x_base": 14.15625, "e_v_int": 6.895179970083466, "b_x_int": 14.15625}
{"id": "Bm-amazement-d3-v1", "e_v_base": 5.735597109741775, "b_x_base": 10.84375, "e_v_int": 5.6149511901512055, "b_x_int": 10.84375}
{"id": "Bm-vigilance-d1-v1", "e_v_base": 5.765096852151084, "b_x_base": 16.59375, "e_v_int": 5.7415814071134905, "b_x_int": 16.59375}
{"id": "Bm-vigilance-d3-v2", "e_v_base": 5.1088968752595925, "b_x_base": 4.0, "e_v_int": 5.014151314091808, "b_x_int": 4.0}
{"id": "N-grief-d1-c1", "e_v_base": 6.1551609863353285, "b_x_base": 11.9375, "e_v_int": 6.1316689647402525, "b_x_int": 11.9375}
{"id": "N-grief-d2-c1", "e_v_base": 5.944138380066262, "b_x_base": 5.21875, "e_v_int": 5.941928249255831, "b_x_int": 5.21875}
{"id": "N-grief-d3-c1", "e_v_base": 6.069283931192246, "b_x_base": 13.34375, "e_v_int": 6.061795343643144, "b_x_int": 13.34375}
{"id": "N-terror-d2-c1", "e_v_base": 6.338719084512724, "b_x_base": 7.15625, "e_v_int": 6.289194271046604, "b_x_int": 7.15625}
{"id": "N-ecstasy-d2-c1", "e_v_base": 5.837059928916705, "b_x_base": 9.03125, "e_v_int": 5.802237573370488, "b_x_int": 9.03125}
{"id": "N-loathing-d3-c1", "e_v_base": 6.4585776708519065, "b_x_base": 12.09375, "e_v_int": 6.387883738339329, "b_x_int": 12.09375}
{"id": "N-amazement-d1-c2", "e_v_base": 6.026267195696322, "b_x_base": 8.8125, "e_v_int": 5.991533156340667, "b_x_int": 8.8125}
{"id": "N-amazement-d3-c1", "e_v_base": 5.7778201742729225, "b_x_base": 13.40625, "e_v_int": 5.717121437154108, "b_x_int": 13.40625}
{"id": "N-vigilance-d1-c1", "e_v_base": 5.617304439486073, "b_x_base": 16.3125, "e_v_int": 5.564130196218109, "b_x_int": 16.3125}
{"id": "N-vigilance-d3-c2", "e_v_base": 7.159305455456915, "b_x_base": 10.59375, "e_v_int": 7.143629752827469, "b_x_int": 10.59375}
