pair_id,task,site_type,outcome
P_rage-d1-v1,Reader,ReaderSite,1.6022915959514021
P_rage-d1-v1,Self,ReaderSite,1.658366796492678
P_rage-d1-v2,Reader,ReaderSite,1.7944718041285435
P_rage-d1-v2,Self,ReaderSite,2.1069065251704027
P_rage-d1-v3,Reader,ReaderSite,0.8257231194767343
P_rage-d1-v3,Self,ReaderSite,0.2728207131419387
P_rage-d1-v4,Reader,ReaderSite,2.6372215112967474
P_rage-d1-v4,Self,ReaderSite,0.6832429381610523
P_rage-d2-v1,Reader,ReaderSite,1.1476088018512813
P_rage-d2-v1,Self,ReaderSite,1.4230580170945002
P_rage-d2-v2,Reader,ReaderSite,1.3925800020520582
P_rage-d2-v2,Self,ReaderSite,1.3733792571527343
P_rage-d2-v3,Reader,ReaderSite,0.4844753583487096
P_rage-d2-v3,Self,ReaderSite,0.3360890474048315
P_rage-d2-v4,Reader,ReaderSite,1.0810543171107838
P_rage-d2-v4,Self,ReaderSite,1.950099584804065
P_rage-d3-v1,Reader,ReaderSite,0.09159080572319
P_rage-d3-v1,Self,ReaderSite,0.7662704703531995
P_rage-d3-v2,Reader,ReaderSite,1.01183361616763
P_rage-d3-v2,Self,ReaderSite,1.8293496020744664
P_rage-d3-v3,Reader,ReaderSite,0.08465419258164397
P_rage-d3-v3,Self,ReaderSite,0.015068765147014496
P_rage-d3-v4,Reader,ReaderSite,1.6654613493324186
P_rage-d3-v4,Self,ReaderSite,1.3770440304828686
P_grief-d1-v1,Reader,ReaderSite,1.3580411691376528
P_grief-d1-v1,Self,ReaderSite,1.3386650560682356
P_grief-d1-v2,Reader,ReaderSite,1.625328034928835
P_grief-d1-v2,Self,ReaderSite,1.5683408631235474
P_grief-d1-v3,Reader,ReaderSite,0.9264281445385865
P_grief-d1-v3,Self,ReaderSite,0.4005904020921003
P_grief-d1-v4,Reader,ReaderSite,0.09256877788407447
P_grief-d1-v4,Self,ReaderSite,0.5803897336051269
P_grief-d2-v1,Reader,ReaderSite,0.8012015865061548
P_grief-d2-v1,Self,ReaderSite,0.7615505380369372
P_grief-d2-v2,Reader,ReaderSite,1.152561449479204
P_grief-d2-v2,Self,ReaderSite,1.2721479827978304
P_grief-d2-v3,Reader,ReaderSite,0.13201168602969648
P_grief-d2-v3,Self,ReaderSite,0.4894736619857518
P_grief-d2-v4,Reader,ReaderSite,0.7515260524025593
P_grief-d2-v4,Self,ReaderSite,0.6579523022631486
P_grief-d3-v1,Reader,ReaderSite,1.2117068335788477
P_grief-d3-v1,Self,ReaderSite,1.5877173908669024
P_grief-d3-v2,Reader,ReaderSite,1.6867713344821018
P_grief-d3-v2,Self,ReaderSite,1.6034374485690086
P_grief-d3-v3,Reader,ReaderSite,0.6109659118079964
P_grief-d3-v3,Self,ReaderSite,1.3436498604951144
P_grief-d3-v4,Reader,ReaderSite,0.2958058992825099
P_grief-d3-v4,Self,ReaderSite,0.25857508699917453
P_terror-d1-v1,Reader,ReaderSite,2.3639098740403583
P_terror-d1-v1,Self,ReaderSite,2.309164171781883
P_terror-d1-v2,Reader,ReaderSite,1.5285248214067817
P_terror-d1-v2,Self,ReaderSite,0.9474285854493076
P_terror-d1-v3,Reader,ReaderSite,0.3686481943231241
P_terror-d1-v3,Self,ReaderSite,0.4934797165492666
P_terror-d1-v4,Reader,ReaderSite,1.5455159584193696
P_terror-d1-v4,Self,ReaderSite,2.0478317055795876
P_terror-d2-v1,Reader,ReaderSite,0.38555137969902686
P_terror-d2-v1,Self,ReaderSite,0.09343562768658442
P_terror-d2-v2,Reader,ReaderSite,0.519698495852972
P_terror-d2-v2,Self,ReaderSite,0.666842014941327
P_terror-d2-v3,Reader,ReaderSite,0.2951934200292976
P_terror-d2-v3,Self,ReaderSite,0.733830636052615
P_terror-d2-v4,Reader,ReaderSite,0.5777440153011364
P_terror-d2-v4,Self,ReaderSite,0.9470199715275955
P_terror-d3-v1,Reader,ReaderSite,0.41473194439393546
P_terror-d3-v1,Self,ReaderSite,0.3565260671374282
P_terror-d3-v2,Reader,ReaderSite,0.30737417965088687
P_terror-d3-v2,Self,ReaderSite,0.042278752785534834
P_terror-d3-v3,Reader,ReaderSite,0.22470118930460758
P_terror-d3-v3,Self,ReaderSite,0.9857097282432681
P_terror-d3-v4,Reader,ReaderSite,0.21800102788052778
P_terror-d3-v4,Self,ReaderSite,0.10232852512892077
P_ecstasy-d1-v1,Reader,ReaderSite,1.984066976550261
P_ecstasy-d1-v1,Self,ReaderSite,3.1494586946014644
P_ecstasy-d1-v2,Reader,ReaderSite,1.0541473627136224
P_ecstasy-d1-v2,Self,ReaderSite,1.1839702153283134
P_ecstasy-d1-v3,Reader,ReaderSite,1.0188802707352966
P_ecstasy-d1-v3,Self,ReaderSite,0.023364809263436648
P_ecstasy-d1-v4,Reader,ReaderSite,1.2330334423833382
P_ecstasy-d1-v4,Self,ReaderSite,0.6727691012014034
P_ecstasy-d2-v1,Reader,ReaderSite,0.6530882257264006
P_ecstasy-d2-v1,Self,ReaderSite,1.2286302990471243
P_ecstasy-d2-v2,Reader,ReaderSite,0.18162839327614266
P_ecstasy-d2-v2,Self,ReaderSite,0.8982078915589393
P_ecstasy-d2-v3,Reader,ReaderSite,0.5160819140371669
P_ecstasy-d2-v3,Self,ReaderSite,0.8622124541769234
P_ecstasy-d2-v4,Reader,ReaderSite,0.460485362931744
P_ecstasy-d2-v4,Self,ReaderSite,0.07556008731756858
P_ecstasy-d3-v1,Reader,ReaderSite,0.07291311094159925
P_ecstasy-d3-v1,Self,ReaderSite,0.5802127129531938
P_ecstasy-d3-v2,Reader,ReaderSite,0.920375368443616
P_ecstasy-d3-v2,Self,ReaderSite,1.68203223080768
P_ecstasy-d3-v3,Reader,ReaderSite,0.5442725285096071
P_ecstasy-d3-v3,Self,ReaderSite,0.8165899971076773
P_ecstasy-d3-v4,Reader,ReaderSite,1.9813068587222287
P_ecstasy-d3-v4,Self,ReaderSite,1.9813140656027115
P_loathing-d1-v1,Reader,ReaderSite,2.588975378727671
P_loathing-d1-v1,Self,ReaderSite,0.17548661612289607
P_loathing-d1-v2,Reader,ReaderSite,1.4901171375864486
P_loathing-d1-v2,Self,ReaderSite,3.4567115188964643
P_loathing-d1-v3,Reader,ReaderSite,1.052749373268798
P_loathing-d1-v3,Self,ReaderSite,0.9250512558953412
P_loathing-d1-v4,Reader,ReaderSite,1.7854008311504406
P_loathing-d1-v4,Self,ReaderSite,1.9020406537035568
P_loathing-d2-v1,Reader,ReaderSite,1.8631840333941074
P_loathing-d2-v1,Self,ReaderSite,3.062728682693421
P_loathing-d2-v2,Reader,ReaderSite,1.1202051447594827
P_loathing-d2-v2,Self,ReaderSite,1.6127861739981129
P_loathing-d2-v3,Reader,ReaderSite,2.166202050588895
P_loathing-d2-v3,Self,ReaderSite,2.5546209784034173
P_loathing-d2-v4,Reader,ReaderSite,1.2826597709235101
P_loathing-d2-v4,Self,ReaderSite,1.537950928623621
P_loathing-d3-v1,Reader,ReaderSite,0.2536279050136985
P_loathing-d3-v1,Self,ReaderSite,0.6145997374393604
P_loathing-d3-v2,Reader,ReaderSite,0.5113649257456778
P_loathing-d3-v2,Self,ReaderSite,1.3727940678653612
P_loathing-d3-v3,Reader,ReaderSite,1.9018707429018313
P_loathing-d3-v3,Self,ReaderSite,1.6406947512606243
P_loathing-d3-v4,Reader,ReaderSite,1.7403058740146637
P_loathing-d3-v4,Self,ReaderSite,2.1472063948094684
P_amazement-d1-v1,Reader,ReaderSite,0.8615627527292449
P_amazement-d1-v1,Self,ReaderSite,0.2559447501336716
P_amazement-d1-v2,Reader,ReaderSite,1.7477649433887774
P_amazement-d1-v2,Self,ReaderSite,1.7836576990073827
P_amazement-d1-v3,Reader,ReaderSite,1.2610774724760967
P_amazement-d1-v3,Self,ReaderSite,1.0174244664990892
P_amazement-d1-v4,Reader,ReaderSite,0.544046346078316
P_amazement-d1-v4,Self,ReaderSite,0.5985419942131238
P_amazement-d2-v1,Reader,ReaderSite,0.46261292227849404
P_amazement-d2-v1,Self,ReaderSite,1.287552559908642
P_amazement-d2-v2,Reader,ReaderSite,0.990340937186216
P_amazement-d2-v2,Self,ReaderSite,0.5841335952435522
P_amazement-d2-v3,Reader,ReaderSite,2.8490303928839245
P_amazement-d2-v3,Self,ReaderSite,3.1403214693490016
P_amazement-d2-v4,Reader,ReaderSite,0.06556349876482859
P_amazement-d2-v4,Self,ReaderSite,0.41541164748875614
P_amazement-d3-v1,Reader,ReaderSite,1.2564461734426002
P_amazement-d3-v1,Self,ReaderSite,1.6403703536794718
P_amazement-d3-v2,Reader,ReaderSite,1.3842230945132938
P_amazement-d3-v2,Self,ReaderSite,1.2278541577454285
P_amazement-d3-v3,Reader,ReaderSite,0.6730829869339017
P_amazement-d3-v3,Self,ReaderSite,0.9637037942318172
P_amazement-d3-v4,Reader,ReaderSite,0.7017572661012768
P_amazement-d3-v4,Self,ReaderSite,0.6156421388862139
P_admiration-d1-v1,Reader,ReaderSite,0.08266286329469885
P_admiration-d1-v1,Self,ReaderSite,0.7340996285674888
P_admiration-d1-v2,Reader,ReaderSite,1.3243657755308627
P_admiration-d1-v2,Self,ReaderSite,1.2827101467779989
P_admiration-d1-v3,Reader,ReaderSite,1.3055213791948082
P_admiration-d1-v3,Self,ReaderSite,1.6956225551797428
P_admiration-d1-v4,Reader,ReaderSite,1.8260748777994382
P_admiration-d1-v4,Self,ReaderSite,2.006971577456403
P_admiration-d2-v1,Reader,ReaderSite,0.5468739155650448
P_admiration-d2-v1,Self,ReaderSite,1.1232334885258817
P_admiration-d2-v2,Reader,ReaderSite,1.617061796493569
P_admiration-d2-v2,Self,ReaderSite,1.9922667872126103
P_admiration-d2-v3,Reader,ReaderSite,1.2799161670260328
P_admiration-d2-v3,Self,ReaderSite,1.5396007114035108
P_admiration-d2-v4,Reader,ReaderSite,1.6013105381447037
P_admiration-d2-v4,Self,ReaderSite,1.8316025033006866
P_admiration-d3-v1,Reader,ReaderSite,0.4544351378408802
P_admiration-d3-v1,Self,ReaderSite,0.695930848337738
P_admiration-d3-v2,Reader,ReaderSite,0.5152752531870322
P_admiration-d3-v2,Self,ReaderSite,1.281613470413261
P_admiration-d3-v3,Reader,ReaderSite,0.6325794346600859
P_admiration-d3-v3,Self,ReaderSite,1.0129103596490716
P_admiration-d3-v4,Reader,ReaderSite,0.82937066852908
P_admiration-d3-v4,Self,ReaderSite,2.038111370546695
P_vigilance-d1-v1,Reader,ReaderSite,0.3528400272771903
P_vigilance-d1-v1,Self,ReaderSite,0.8977216042206979
P_vigilance-d1-v2,Reader,ReaderSite,0.9176296024200523
P_vigilance-d1-v2,Self,ReaderSite,0.9158823455248442
P_vigilance-d1-v3,Reader,ReaderSite,0.9439936022947739
P_vigilance-d1-v3,Self,ReaderSite,1.0530332730230718
P_vigilance-d1-v4,Reader,ReaderSite,0.5077943882604306
P_vigilance-d1-v4,Self,ReaderSite,1.8443963189320582
P_vigilance-d2-v1,Reader,ReaderSite,0.45050247318885406
P_vigilance-d2-v1,Self,ReaderSite,0.45733873284649995
P_vigilance-d2-v2,Reader,ReaderSite,0.7771399140574018
P_vigilance-d2-v2,Self,ReaderSite,1.4397969526317547
P_vigilance-d2-v3,Reader,ReaderSite,1.0022098413882348
P_vigilance-d2-v3,Self,ReaderSite,0.9659039987618501
P_vigilance-d2-v4,Reader,ReaderSite,0.8494915414344546
P_vigilance-d2-v4,Self,ReaderSite,0.9791523453346316
P_vigilance-d3-v1,Reader,ReaderSite,1.0906393134596568
P_vigilance-d3-v1,Self,ReaderSite,1.3358920104069365
P_vigilance-d3-v2,Reader,ReaderSite,0.5153312671030026
P_vigilance-d3-v2,Self,ReaderSite,1.0878786463035102
P_vigilance-d3-v3,Reader,ReaderSite,1.246880300657856
P_vigilance-d3-v3,Self,ReaderSite,0.020011142699663864
P_vigilance-d3-v4,Reader,ReaderSite,0.933131119386438
P_vigilance-d3-v4,Self,ReaderSite,1.6512787092554853
P_rage-d4-v1,Reader,ReaderSite,1.1117226018106003
P_rage-d4-v1,Self,ReaderSite,1.1938954077381572
P_rage-d4-v2,Reader,ReaderSite,0.13984882499538376
P_rage-d4-v2,Self,ReaderSite,0.07705404863862553
P_rage-d4-v3,Reader,ReaderSite,0.5201112918495343
P_rage-d4-v3,Self,ReaderSite,1.5592207781138903
P_rage-d4-v4,Reader,ReaderSite,0.634562377061199
P_rage-d4-v4,Self,ReaderSite,0.5711551955685725
P_rage-d5-v1,Reader,ReaderSite,0.6883941990975808
P_rage-d5-v1,Self,ReaderSite,1.5215625842210592
P_rage-d5-v2,Reader,ReaderSite,0.5060814482282012
P_rage-d5-v2,Self,ReaderSite,0.14337071078786856
P_rage-d5-v3,Reader,ReaderSite,0.10252674204855339
P_rage-d5-v3,Self,ReaderSite,0.6567061116983561
P_rage-d5-v4,Reader,ReaderSite,0.6081629513171931
P_rage-d5-v4,Self,ReaderSite,0.3384403985489923
P_rage-d6-v1,Reader,ReaderSite,2.002096567019082
P_rage-d6-v1,Self,ReaderSite,2.560933334139842
P_rage-d6-v2,Reader,ReaderSite,0.4584021072261042
P_rage-d6-v2,Self,ReaderSite,2.335384014070004
P_rage-d6-v3,Reader,ReaderSite,0.9968621129108204
P_rage-d6-v3,Self,ReaderSite,1.0674705812023912
P_rage-d6-v4,Reader,ReaderSite,0.6772359166728936
P_rage-d6-v4,Self,ReaderSite,0.6151974593848692
P_grief-d4-v1,Reader,ReaderSite,1.4260878320413477
P_grief-d4-v1,Self,ReaderSite,1.5279457440516366
P_grief-d4-v2,Reader,ReaderSite,0.35742861602528286
P_grief-d4-v2,Self,ReaderSite,1.2652442660578853
P_grief-d4-v3,Reader,ReaderSite,0.5025957223518303
P_grief-d4-v3,Self,ReaderSite,0.6439277373021794
P_grief-d4-v4,Reader,ReaderSite,1.3518315609264497
P_grief-d4-v4,Self,ReaderSite,1.272305307799957
P_grief-d5-v1,Reader,ReaderSite,0.5078758499165641
P_grief-d5-v1,Self,ReaderSite,0.5195044101587665
P_grief-d5-v2,Reader,ReaderSite,0.2849155692983194
P_grief-d5-v2,Self,ReaderSite,0.5131661197514377
P_grief-d5-v3,Reader,ReaderSite,1.4569448610920153
P_grief-d5-v3,Self,ReaderSite,1.6068908873486931
P_grief-d5-v4,Reader,ReaderSite,1.073543992154205
P_grief-d5-v4,Self,ReaderSite,1.3409836372716843
P_grief-d6-v1,Reader,ReaderSite,2.3827197683126826
P_grief-d6-v1,Self,ReaderSite,2.8633968061980757
P_grief-d6-v2,Reader,ReaderSite,0.7778960922016087
P_grief-d6-v2,Self,ReaderSite,1.3949790223233909
P_grief-d6-v3,Reader,ReaderSite,1.5768764907149473
P_grief-d6-v3,Self,ReaderSite,1.944979150635189
P_grief-d6-v4,Reader,ReaderSite,0.3004369357561112
P_grief-d6-v4,Self,ReaderSite,0.4286381393832759
P_terror-d4-v1,Reader,ReaderSite,0.17373257356733074
P_terror-d4-v1,Self,ReaderSite,0.37116922092656957
P_terror-d4-v2,Reader,ReaderSite,0.9805594925362393
P_terror-d4-v2,Self,ReaderSite,0.6364181290651363
P_terror-d4-v3,Reader,ReaderSite,1.0000345143738008
P_terror-d4-v3,Self,ReaderSite,1.150614699680728
P_terror-d4-v4,Reader,ReaderSite,0.5313568324446201
P_terror-d4-v4,Self,ReaderSite,0.3336381540474269
P_terror-d5-v1,Reader,ReaderSite,0.21307456384594792
P_terror-d5-v1,Self,ReaderSite,0.008099890450490754
P_terror-d5-v2,Reader,ReaderSite,0.49669653226710686
P_terror-d5-v2,Self,ReaderSite,0.5176826956051803
P_terror-d5-v3,Reader,ReaderSite,0.7815440581711837
P_terror-d5-v3,Self,ReaderSite,0.8847557407025475
P_terror-d5-v4,Reader,ReaderSite,0.8963932161784869
P_terror-d5-v4,Self,ReaderSite,0.24214016974933195
P_terror-d6-v1,Reader,ReaderSite,3.167873465067048
P_terror-d6-v1,Self,ReaderSite,3.6251418190929967
P_terror-d6-v2,Reader,ReaderSite,1.3898558809208028
P_terror-d6-v2,Self,ReaderSite,1.3429733914811832
P_terror-d6-v3,Reader,ReaderSite,1.0215532334916573
P_terror-d6-v3,Self,ReaderSite,1.111855684637557
P_terror-d6-v4,Reader,ReaderSite,0.0011845071724969625
P_terror-d6-v4,Self,ReaderSite,0.612335822649279
P_ecstasy-d4-v1,Reader,ReaderSite,0.05706833122561594
P_ecstasy-d4-v1,Self,ReaderSite,0.2366975034441623
P_ecstasy-d4-v2,Reader,ReaderSite,0.37632257754006204
P_ecstasy-d4-v2,Self,ReaderSite,1.108227025156764
P_ecstasy-d4-v3,Reader,ReaderSite,0.6049371177087286
P_ecstasy-d4-v3,Self,ReaderSite,1.0731257702435095
P_ecstasy-d4-v4,Reader,ReaderSite,0.8537585448261376
P_ecstasy-d4-v4,Self,ReaderSite,1.0771705112550727
P_ecstasy-d5-v1,Reader,ReaderSite,0.4541209607075567
P_ecstasy-d5-v1,Self,ReaderSite,0.23976924411606282
P_ecstasy-d5-v2,Reader,ReaderSite,0.46973738632942075
P_ecstasy-d5-v2,Self,ReaderSite,0.6287574323776468
P_ecstasy-d5-v3,Reader,ReaderSite,1.6746908395719118
P_ecstasy-d5-v3,Self,ReaderSite,1.746180474488527
P_ecstasy-d5-v4,Reader,ReaderSite,1.1508833476638234
P_ecstasy-d5-v4,Self,ReaderSite,1.771701581527219
P_ecstasy-d6-v1,Reader,ReaderSite,0.16168925219674324
P_ecstasy-d6-v1,Self,ReaderSite,0.2556892449849497
P_ecstasy-d6-v2,Reader,ReaderSite,0.7131445772479905
P_ecstasy-d6-v2,Self,ReaderSite,1.468173931741174
P_ecstasy-d6-v3,Reader,ReaderSite,0.7222884697984049
P_ecstasy-d6-v3,Self,ReaderSite,1.3365489220143298
P_ecstasy-d6-v4,Reader,ReaderSite,0.4538403565354936
P_ecstasy-d6-v4,Self,ReaderSite,0.8767597837115761
P_loathing-d4-v1,Reader,ReaderSite,0.38557184033854064
P_loathing-d4-v1,Self,ReaderSite,1.181955270265534
P_loathing-d4-v2,Reader,ReaderSite,1.0852256902322441
P_loathing-d4-v2,Self,ReaderSite,0.9527821070973586
P_loathing-d4-v3,Reader,ReaderSite,0.6900100444669865
P_loathing-d4-v3,Self,ReaderSite,0.8267932334565538
P_loathing-d4-v4,Reader,ReaderSite,1.5119363972448747
P_loathing-d4-v4,Self,ReaderSite,1.3705233839596227
P_loathing-d5-v1,Reader,ReaderSite,0.6144659285967067
P_loathing-d5-v1,Self,ReaderSite,0.9771734906367862
P_loathing-d5-v2,Reader,ReaderSite,1.5867793024998325
P_loathing-d5-v2,Self,ReaderSite,1.6501412647303049
P_loathing-d5-v3,Reader,ReaderSite,0.06374352069263045
P_loathing-d5-v3,Self,ReaderSite,0.09248409721676376
P_loathing-d5-v4,Reader,ReaderSite,0.4745306439603052
P_loathing-d5-v4,Self,ReaderSite,0.618571998186046
P_loathing-d6-v1,Reader,ReaderSite,0.4299744888024204
P_loathing-d6-v1,Self,ReaderSite,1.2101856349700104
P_loathing-d6-v2,Reader,ReaderSite,0.7505710395776086
P_loathing-d6-v2,Self,ReaderSite,1.1371860848957431
P_loathing-d6-v3,Reader,ReaderSite,1.0506076359419687
P_loathing-d6-v3,Self,ReaderSite,1.2841957017101713
P_loathing-d6-v4,Reader,ReaderSite,0.40761847558372954
P_loathing-d6-v4,Self,ReaderSite,0.5001381718919848
P_amazement-d4-v1,Reader,ReaderSite,0.22834599686220214
P_amazement-d4-v1,Self,ReaderSite,0.37130725053583324
P_amazement-d4-v2,Reader,ReaderSite,1.10115895226237
P_amazement-d4-v2,Self,ReaderSite,1.3492779105330204
P_amazement-d4-v3,Reader,ReaderSite,2.044389019905979
P_amazement-d4-v3,Self,ReaderSite,1.2796153796187468
P_amazement-d4-v4,Reader,ReaderSite,1.2747988228144056
P_amazement-d4-v4,Self,ReaderSite,1.154788516753099
P_amazement-d5-v1,Reader,ReaderSite,0.4119158892024868
P_amazement-d5-v1,Self,ReaderSite,0.2741195763460933
P_amazement-d5-v2,Reader,ReaderSite,1.9671501949564285
P_amazement-d5-v2,Self,ReaderSite,2.1016351436825698
P_amazement-d5-v3,Reader,ReaderSite,0.6279159312556981
P_amazement-d5-v3,Self,ReaderSite,1.1229500580225267
P_amazement-d5-v4,Reader,ReaderSite,0.8279930601974335
P_amazement-d5-v4,Self,ReaderSite,1.2781898463718924
P_amazement-d6-v1,Reader,ReaderSite,0.49932915175929393
P_amazement-d6-v1,Self,ReaderSite,0.5408917761527037
P_amazement-d6-v2,Reader,ReaderSite,1.1649665098120137
P_amazement-d6-v2,Self,ReaderSite,1.5246330672193826
P_amazement-d6-v3,Reader,ReaderSite,0.4076408072494564
P_amazement-d6-v3,Self,ReaderSite,1.299835064088498
P_amazement-d6-v4,Reader,ReaderSite,0.9176720729289096
P_amazement-d6-v4,Self,ReaderSite,1.1773254973507847
P_admiration-d4-v1,Reader,ReaderSite,0.9968436589484253
P_admiration-d4-v1,Self,ReaderSite,1.3366255079420202
P_admiration-d4-v2,Reader,ReaderSite,2.010365748521427
P_admiration-d4-v2,Self,ReaderSite,2.324393952408051
P_admiration-d4-v3,Reader,ReaderSite,0.9691817508495801
P_admiration-d4-v3,Self,ReaderSite,1.235180038130083
P_admiration-d4-v4,Reader,ReaderSite,2.322573501163297
P_admiration-d4-v4,Self,ReaderSite,0.9831261281602601
P_admiration-d5-v1,Reader,ReaderSite,0.35943323071882105
P_admiration-d5-v1,Self,ReaderSite,1.1979943905140815
P_admiration-d5-v2,Reader,ReaderSite,0.4868057970919939
P_admiration-d5-v2,Self,ReaderSite,0.1278720095877217
P_admiration-d5-v3,Reader,ReaderSite,0.08482910379478836
P_admiration-d5-v3,Self,ReaderSite,0.43797123649599934
P_admiration-d5-v4,Reader,ReaderSite,0.6277264884990417
P_admiration-d5-v4,Self,ReaderSite,1.1026296626740812
P_admiration-d6-v1,Reader,ReaderSite,0.12473991170185794
P_admiration-d6-v1,Self,ReaderSite,0.6734816316616556
P_admiration-d6-v2,Reader,ReaderSite,1.8642002345381452
P_admiration-d6-v2,Self,ReaderSite,1.8248481739071638
P_admiration-d6-v3,Reader,ReaderSite,0.1527839808757676
P_admiration-d6-v3,Self,ReaderSite,1.1513662431781908
P_admiration-d6-v4,Reader,ReaderSite,1.0496405845934724
P_admiration-d6-v4,Self,ReaderSite,1.5287407718054986
P_vigilance-d4-v1,Reader,ReaderSite,0.379195659345098
P_vigilance-d4-v1,Self,ReaderSite,0.6591075006524025
P_vigilance-d4-v2,Reader,ReaderSite,0.8698175834956934
P_vigilance-d4-v2,Self,ReaderSite,0.9059459490231232
P_vigilance-d4-v3,Reader,ReaderSite,1.7720581540386036
P_vigilance-d4-v3,Self,ReaderSite,2.058172219838788
P_vigilance-d4-v4,Reader,ReaderSite,1.3014647326217124
P_vigilance-d4-v4,Self,ReaderSite,1.100991720836638
P_vigilance-d5-v1,Reader,ReaderSite,0.1292179703040084
P_vigilance-d5-v1,Self,ReaderSite,0.1190800615258123
P_vigilance-d5-v2,Reader,ReaderSite,0.42901735310465305
P_vigilance-d5-v2,Self,ReaderSite,0.6411864277071264
P_vigilance-d5-v3,Reader,ReaderSite,1.340121581758615
P_vigilance-d5-v3,Self,ReaderSite,0.968914807420596
P_vigilance-d5-v4,Reader,ReaderSite,0.7613366592467878
P_vigilance-d5-v4,Self,ReaderSite,0.1829140083291141
P_vigilance-d6-v1,Reader,ReaderSite,0.3548154676952553
P_vigilance-d6-v1,Self,ReaderSite,0.4964136696212673
P_vigilance-d6-v2,Reader,ReaderSite,0.3170732198886983
P_vigilance-d6-v2,Self,ReaderSite,0.16645549460189724
P_vigilance-d6-v3,Reader,ReaderSite,0.13069047069282247
P_vigilance-d6-v3,Self,ReaderSite,0.05227033678622739
P_vigilance-d6-v4,Reader,ReaderSite,1.5761562975154564
P_vigilance-d6-v4,Self,ReaderSite,1.2273002506036788
P_rage-d1-v1,Reader,SelfSite,1.8075144365971596
P_rage-d1-v1,Self,SelfSite,1.9838578240918423
P_rage-d1-v2,Reader,SelfSite,0.5614030665651337
P_rage-d1-v2,Self,SelfSite,0.25522164593114405
P_rage-d1-v3,Reader,SelfSite,0.5983449450908713
P_rage-d1-v3,Self,SelfSite,0.7051163127946829
P_rage-d1-v4,Reader,SelfSite,1.6056261921312789
P_rage-d1-v4,Self,SelfSite,0.7026740725673117
P_rage-d2-v1,Reader,SelfSite,1.8274712445069081
P_rage-d2-v1,Self,SelfSite,1.3032217612470385
P_rage-d2-v2,Reader,SelfSite,0.03854761454549105
P_rage-d2-v2,Self,SelfSite,0.039485240771336416
P_rage-d2-v3,Reader,SelfSite,1.1173557044698343
P_rage-d2-v3,Self,SelfSite,0.9479959588379829
P_rage-d2-v4,Reader,SelfSite,0.33345051476126786
P_rage-d2-v4,Self,SelfSite,0.007313469694556485
P_rage-d3-v1,Reader,SelfSite,0.06782671266768148
P_rage-d3-v1,Self,SelfSite,0.2591404169472298
P_rage-d3-v2,Reader,SelfSite,0.06232390758049133
P_rage-d3-v2,Self,SelfSite,0.023777574902646315
P_rage-d3-v3,Reader,SelfSite,0.025081397464852717
P_rage-d3-v3,Self,SelfSite,0.2568325746700606
P_rage-d3-v4,Reader,SelfSite,1.5326390516404982
P_rage-d3-v4,Self,SelfSite,1.0782527563030766
P_grief-d1-v1,Reader,SelfSite,0.25057109411317247
P_grief-d1-v1,Self,SelfSite,0.30208019139090014
P_grief-d1-v2,Reader,SelfSite,0.2529223679219128
P_grief-d1-v2,Self,SelfSite,0.08824938005265759
P_grief-d1-v3,Reader,SelfSite,0.7410122916534734
P_grief-d1-v3,Self,SelfSite,0.48125511004340593
P_grief-d1-v4,Reader,SelfSite,0.24219938338065905
P_grief-d1-v4,Self,SelfSite,0.1187752036164238
P_grief-d2-v1,Reader,SelfSite,0.19996320513637467
P_grief-d2-v1,Self,SelfSite,0.15352244197091403
P_grief-d2-v2,Reader,SelfSite,0.044940511107645076
P_grief-d2-v2,Self,SelfSite,0.003259960249790028
P_grief-d2-v3,Reader,SelfSite,0.11559720751016744
P_grief-d2-v3,Self,SelfSite,0.21391096706032986
P_grief-d2-v4,Reader,SelfSite,0.4312338033817731
P_grief-d2-v4,Self,SelfSite,0.44026216611578706
P_grief-d3-v1,Reader,SelfSite,0.38146172803988443
P_grief-d3-v1,Self,SelfSite,0.3626822536243379
P_grief-d3-v2,Reader,SelfSite,0.28793298995111405
P_grief-d3-v2,Self,SelfSite,0.16923076210992827
P_grief-d3-v3,Reader,SelfSite,0.1802302379713372
P_grief-d3-v3,Self,SelfSite,0.19829176601150644
P_grief-d3-v4,Reader,SelfSite,0.17057187561782872
P_grief-d3-v4,Self,SelfSite,0.3426915260350194
P_terror-d1-v1,Reader,SelfSite,0.021029940725358465
P_terror-d1-v1,Self,SelfSite,0.003915977844861418
P_terror-d1-v2,Reader,SelfSite,0.019761002997214838
P_terror-d1-v2,Self,SelfSite,0.001818222224459376
P_terror-d1-v3,Reader,SelfSite,0.07592627461068169
P_terror-d1-v3,Self,SelfSite,0.029671004151711866
P_terror-d1-v4,Reader,SelfSite,0.014499113165364008
P_terror-d1-v4,Self,SelfSite,0.010847592825030228
P_terror-d2-v1,Reader,SelfSite,0.3495332257399626
P_terror-d2-v1,Self,SelfSite,0.3931014189482327
P_terror-d2-v2,Reader,SelfSite,0.04996224724542264
P_terror-d2-v2,Self,SelfSite,0.07687290288551663
P_terror-d2-v3,Reader,SelfSite,0.09908152626958233
P_terror-d2-v3,Self,SelfSite,0.03339678921970113
P_terror-d2-v4,Reader,SelfSite,0.46716381211778435
P_terror-d2-v4,Self,SelfSite,0.18394101384368944
P_terror-d3-v1,Reader,SelfSite,0.03385876037659319
P_terror-d3-v1,Self,SelfSite,0.00839145270110131
P_terror-d3-v2,Reader,SelfSite,0.9268143076788053
P_terror-d3-v2,Self,SelfSite,0.47691445047255066
P_terror-d3-v3,Reader,SelfSite,0.36167240485432384
P_terror-d3-v3,Self,SelfSite,0.30059185284807133
P_terror-d3-v4,Reader,SelfSite,0.02312917883401555
P_terror-d3-v4,Self,SelfSite,0.0430666719402204
P_ecstasy-d1-v1,Reader,SelfSite,0.192213924071869
P_ecstasy-d1-v1,Self,SelfSite,0.21385131558938708
P_ecstasy-d1-v2,Reader,SelfSite,0.10014709845544578
P_ecstasy-d1-v2,Self,SelfSite,0.04534703286622577
P_ecstasy-d1-v3,Reader,SelfSite,0.5040336611879939
P_ecstasy-d1-v3,Self,SelfSite,0.4876502018755158
P_ecstasy-d1-v4,Reader,SelfSite,0.06586512065865513
P_ecstasy-d1-v4,Self,SelfSite,0.15926374549720346
P_ecstasy-d2-v1,Reader,SelfSite,0.009808869532947906
P_ecstasy-d2-v1,Self,SelfSite,0.07808778737377575
P_ecstasy-d2-v2,Reader,SelfSite,0.4483226428820877
P_ecstasy-d2-v2,Self,SelfSite,0.2229134359929299
P_ecstasy-d2-v3,Reader,SelfSite,0.0519784285254099
P_ecstasy-d2-v3,Self,SelfSite,0.12908100000299405
P_ecstasy-d2-v4,Reader,SelfSite,0.2793009489764442
P_ecstasy-d2-v4,Self,SelfSite,0.25630031624248417
P_ecstasy-d3-v1,Reader,SelfSite,0.2677222893457847
P_ecstasy-d3-v1,Self,SelfSite,0.1530786960154613
P_ecstasy-d3-v2,Reader,SelfSite,0.24911017572633076
P_ecstasy-d3-v2,Self,SelfSite,0.287840818383601
P_ecstasy-d3-v3,Reader,SelfSite,0.06453937625882866
P_ecstasy-d3-v3,Self,SelfSite,0.0009836114391161832
P_ecstasy-d3-v4,Reader,SelfSite,0.19588536950007263
P_ecstasy-d3-v4,Self,SelfSite,0.0016011960020432259
P_loathing-d1-v1,Reader,SelfSite,2.4048163549677826
P_loathing-d1-v1,Self,SelfSite,1.11273547000423
P_loathing-d1-v2,Reader,SelfSite,1.1869982702636381
P_loathing-d1-v2,Self,SelfSite,1.9769946498159419
P_loathing-d1-v3,Reader,SelfSite,0.2855786832885787
P_loathing-d1-v3,Self,SelfSite,0.06017862630677051
P_loathing-d1-v4,Reader,SelfSite,0.20120931069737935
P_loathing-d1-v4,Self,SelfSite,0.26551288027657205
P_loathing-d2-v1,Reader,SelfSite,0.3018879287267624
P_loathing-d2-v1,Self,SelfSite,0.2706880856223921
P_loathing-d2-v2,Reader,SelfSite,0.047666979697899015
P_loathing-d2-v2,Self,SelfSite,0.0174353175092139
P_loathing-d2-v3,Reader,SelfSite,0.07363258218876267
P_loathing-d2-v3,Self,SelfSite,0.0035371834201640695
P_loathing-d2-v4,Reader,SelfSite,0.19683962676370292
P_loathing-d2-v4,Self,SelfSite,0.010751672173442195
P_loathing-d3-v1,Reader,SelfSite,0.27318340229496973
P_loathing-d3-v1,Self,SelfSite,0.028224242313672043
P_loathing-d3-v2,Reader,SelfSite,0.02985369850117925
P_loathing-d3-v2,Self,SelfSite,0.019253763972243876
P_loathing-d3-v3,Reader,SelfSite,1.5599768683734947
P_loathing-d3-v3,Self,SelfSite,1.5928825133492754
P_loathing-d3-v4,Reader,SelfSite,0.16970787124503572
P_loathing-d3-v4,Self,SelfSite,0.12144495979587244
P_amazement-d1-v1,Reader,SelfSite,0.976869363467566
P_amazement-d1-v1,Self,SelfSite,0.5401939763106651
P_amazement-d1-v2,Reader,SelfSite,0.30874723020593553
P_amazement-d1-v2,Self,SelfSite,0.26600362510657405
P_amazement-d1-v3,Reader,SelfSite,0.05979486489796604
P_amazement-d1-v3,Self,SelfSite,0.07969915551030149
P_amazement-d1-v4,Reader,SelfSite,0.25237199761189455
P_amazement-d1-v4,Self,SelfSite,0.13107404032969883
P_amazement-d2-v1,Reader,SelfSite,0.5777830973549629
P_amazement-d2-v1,Self,SelfSite,0.5701328701772166
P_amazement-d2-v2,Reader,SelfSite,0.5772478432286525
P_amazement-d2-v2,Self,SelfSite,0.47691474719027793
P_amazement-d2-v3,Reader,SelfSite,0.21352322825648473
P_amazement-d2-v3,Self,SelfSite,0.2215554978078409
P_amazement-d2-v4,Reader,SelfSite,0.5043567126326907
P_amazement-d2-v4,Self,SelfSite,0.42049655187844737
P_amazement-d3-v1,Reader,SelfSite,0.2793623619036678
P_amazement-d3-v1,Self,SelfSite,0.34913360958459894
P_amazement-d3-v2,Reader,SelfSite,0.20422087521622134
P_amazement-d3-v2,Self,SelfSite,0.15898994566880642
P_amazement-d3-v3,Reader,SelfSite,0.2358025570354143
P_amazement-d3-v3,Self,SelfSite,0.2023082709388817
P_amazement-d3-v4,Reader,SelfSite,0.05726342654165073
P_amazement-d3-v4,Self,SelfSite,0.09282569149516728
P_admiration-d1-v1,Reader,SelfSite,0.13598379351696321
P_admiration-d1-v1,Self,SelfSite,0.2735661625246726
P_admiration-d1-v2,Reader,SelfSite,0.2882941892504285
P_admiration-d1-v2,Self,SelfSite,0.4648222182798425
P_admiration-d1-v3,Reader,SelfSite,0.21066512458652564
P_admiration-d1-v3,Self,SelfSite,0.11937540090441168
P_admiration-d1-v4,Reader,SelfSite,0.1350570364145116
P_admiration-d1-v4,Self,SelfSite,0.12376933540082424
P_admiration-d2-v1,Reader,SelfSite,0.1367892804713433
P_admiration-d2-v1,Self,SelfSite,0.08723422664080127
P_admiration-d2-v2,Reader,SelfSite,0.07974029474979005
P_admiration-d2-v2,Self,SelfSite,0.11358519467460226
P_admiration-d2-v3,Reader,SelfSite,0.07693434139545507
P_admiration-d2-v3,Self,SelfSite,0.02450846909637394
P_admiration-d2-v4,Reader,SelfSite,0.03447145215234304
P_admiration-d2-v4,Self,SelfSite,0.012886850413860174
P_admiration-d3-v1,Reader,SelfSite,0.8430409039784656
P_admiration-d3-v1,Self,SelfSite,0.4983498461817062
P_admiration-d3-v2,Reader,SelfSite,0.0029724555504282435
P_admiration-d3-v2,Self,SelfSite,0.5339416924877276
P_admiration-d3-v3,Reader,SelfSite,0.0608921919353107
P_admiration-d3-v3,Self,SelfSite,0.0518477505995425
P_admiration-d3-v4,Reader,SelfSite,0.6323469722365052
P_admiration-d3-v4,Self,SelfSite,0.10890832307632126
P_vigilance-d1-v1,Reader,SelfSite,0.3573685638423081
P_vigilance-d1-v1,Self,SelfSite,0.17260512502330894
P_vigilance-d1-v2,Reader,SelfSite,0.0029275574014757666
P_vigilance-d1-v2,Self,SelfSite,0.10343939567087945
P_vigilance-d1-v3,Reader,SelfSite,0.25954067516479795
P_vigilance-d1-v3,Self,SelfSite,0.3275501957912019
P_vigilance-d1-v4,Reader,SelfSite,0.45577702825977706
P_vigilance-d1-v4,Self,SelfSite,0.6603393982428307
P_vigilance-d2-v1,Reader,SelfSite,0.6473257080722981
P_vigilance-d2-v1,Self,SelfSite,0.6143971680541496
P_vigilance-d2-v2,Reader,SelfSite,0.008421674084792219
P_vigilance-d2-v2,Self,SelfSite,0.07350886077619245
P_vigilance-d2-v3,Reader,SelfSite,0.02162855064016722
P_vigilance-d2-v3,Self,SelfSite,0.015413816514334266
P_vigilance-d2-v4,Reader,SelfSite,0.2757939662081208
P_vigilance-d2-v4,Self,SelfSite,0.2687899076839182
P_vigilance-d3-v1,Reader,SelfSite,0.2325367965058538
P_vigilance-d3-v1,Self,SelfSite,0.19528914410548603
P_vigilance-d3-v2,Reader,SelfSite,0.24515680479921853
P_vigilance-d3-v2,Self,SelfSite,0.16581463682367525
P_vigilance-d3-v3,Reader,SelfSite,0.20985935076797713
P_vigilance-d3-v3,Self,SelfSite,0.8797946536856331
P_vigilance-d3-v4,Reader,SelfSite,0.19533521984664026
P_vigilance-d3-v4,Self,SelfSite,0.049665268152215836
P_rage-d4-v1,Reader,SelfSite,0.009697141154211275
P_rage-d4-v1,Self,SelfSite,0.046600560093385646
P_rage-d4-v2,Reader,SelfSite,0.17847004683582712
P_rage-d4-v2,Self,SelfSite,0.14419738660337922
P_rage-d4-v3,Reader,SelfSite,0.1570262964347422
P_rage-d4-v3,Self,SelfSite,0.16844593496234772
P_rage-d4-v4,Reader,SelfSite,1.0186576122279005
P_rage-d4-v4,Self,SelfSite,1.0496134551085499
P_rage-d5-v1,Reader,SelfSite,0.0006495843395604162
P_rage-d5-v1,Self,SelfSite,0.21371262645412714
P_rage-d5-v2,Reader,SelfSite,0.7044996191728554
P_rage-d5-v2,Self,SelfSite,0.7762393258304732
P_rage-d5-v3,Reader,SelfSite,0.25062034316575854
P_rage-d5-v3,Self,SelfSite,0.47994664952056176
P_rage-d5-v4,Reader,SelfSite,0.15478263774284118
P_rage-d5-v4,Self,SelfSite,0.2644298562871632
P_rage-d6-v1,Reader,SelfSite,0.12360968124955929
P_rage-d6-v1,Self,SelfSite,0.031358324710792695
P_rage-d6-v2,Reader,SelfSite,0.04646883963432602
P_rage-d6-v2,Self,SelfSite,0.19423933307899066
P_rage-d6-v3,Reader,SelfSite,0.22953388463249658
P_rage-d6-v3,Self,SelfSite,0.10908755358217803
P_rage-d6-v4,Reader,SelfSite,0.028996958959079278
P_rage-d6-v4,Self,SelfSite,0.11046899930297904
P_grief-d4-v1,Reader,SelfSite,0.3483742809794106
P_grief-d4-v1,Self,SelfSite,0.41008824523117626
P_grief-d4-v2,Reader,SelfSite,0.8766924905828226
P_grief-d4-v2,Self,SelfSite,0.2683119874533235
P_grief-d4-v3,Reader,SelfSite,0.21109944281516002
P_grief-d4-v3,Self,SelfSite,0.014454816833608719
P_grief-d4-v4,Reader,SelfSite,0.035454872782089364
P_grief-d4-v4,Self,SelfSite,0.21384735182199233
P_grief-d5-v1,Reader,SelfSite,0.1324098407848151
P_grief-d5-v1,Self,SelfSite,0.059141154190677
P_grief-d5-v2,Reader,SelfSite,0.1348107886664316
P_grief-d5-v2,Self,SelfSite,0.2624524117208433
P_grief-d5-v3,Reader,SelfSite,0.06771735922871103
P_grief-d5-v3,Self,SelfSite,0.053721733967828644
P_grief-d5-v4,Reader,SelfSite,0.13077389678957907
P_grief-d5-v4,Self,SelfSite,0.009815164308913715
P_grief-d6-v1,Reader,SelfSite,0.5075750016124827
P_grief-d6-v1,Self,SelfSite,0.2862028436332098
P_grief-d6-v2,Reader,SelfSite,0.35054079234878066
P_grief-d6-v2,Self,SelfSite,0.06798167328306692
P_grief-d6-v3,Reader,SelfSite,0.6873986970067936
P_grief-d6-v3,Self,SelfSite,0.52598190194394
P_grief-d6-v4,Reader,SelfSite,0.22693245051594735
P_grief-d6-v4,Self,SelfSite,0.31141281315164004
P_terror-d4-v1,Reader,SelfSite,0.33661846055712186
P_terror-d4-v1,Self,SelfSite,0.40349648118762005
P_terror-d4-v2,Reader,SelfSite,0.1633110933777311
P_terror-d4-v2,Self,SelfSite,0.10393482650115793
P_terror-d4-v3,Reader,SelfSite,0.2874350634153189
P_terror-d4-v3,Self,SelfSite,0.08792350529372528
P_terror-d4-v4,Reader,SelfSite,0.4931464070783491
P_terror-d4-v4,Self,SelfSite,0.02640687966109523
P_terror-d5-v1,Reader,SelfSite,0.5774899050802653
P_terror-d5-v1,Self,SelfSite,0.5256632857731329
P_terror-d5-v2,Reader,SelfSite,0.5737304740105649
P_terror-d5-v2,Self,SelfSite,0.5104362549452137
P_terror-d5-v3,Reader,SelfSite,0.1568731773769496
P_terror-d5-v3,Self,SelfSite,0.40326169886897745
P_terror-d5-v4,Reader,SelfSite,0.11113750182222448
P_terror-d5-v4,Self,SelfSite,0.33909312470298314
P_terror-d6-v1,Reader,SelfSite,2.1981507515953718
P_terror-d6-v1,Self,SelfSite,2.917670389661879
P_terror-d6-v2,Reader,SelfSite,0.11425742150906082
P_terror-d6-v2,Self,SelfSite,0.0014471315863833212
P_terror-d6-v3,Reader,SelfSite,0.019336461294258367
P_terror-d6-v3,Self,SelfSite,0.01767339634093079
P_terror-d6-v4,Reader,SelfSite,0.030428631381461235
P_terror-d6-v4,Self,SelfSite,0.005595163602044595
P_ecstasy-d4-v1,Reader,SelfSite,0.10225770265662781
P_ecstasy-d4-v1,Self,SelfSite,0.08425742574841966
P_ecstasy-d4-v2,Reader,SelfSite,0.12254537860881487
P_ecstasy-d4-v2,Self,SelfSite,0.0038423195382408792
P_ecstasy-d4-v3,Reader,SelfSite,0.19994237720686714
P_ecstasy-d4-v3,Self,SelfSite,0.1866092171644842
P_ecstasy-d4-v4,Reader,SelfSite,0.06251233766975672
P_ecstasy-d4-v4,Self,SelfSite,0.07974640442585357
P_ecstasy-d5-v1,Reader,SelfSite,0.14647807602696705
P_ecstasy-d5-v1,Self,SelfSite,0.08937052800334566
P_ecstasy-d5-v2,Reader,SelfSite,0.48353749442787786
P_ecstasy-d5-v2,Self,SelfSite,0.404115357580785
P_ecstasy-d5-v3,Reader,SelfSite,0.04711716217614814
P_ecstasy-d5-v3,Self,SelfSite,0.09187994583325132
P_ecstasy-d5-v4,Reader,SelfSite,0.18890194734871635
P_ecstasy-d5-v4,Self,SelfSite,0.29147154372293027
P_ecstasy-d6-v1,Reader,SelfSite,0.1436440958640044
P_ecstasy-d6-v1,Self,SelfSite,0.18717865041927073
P_ecstasy-d6-v2,Reader,SelfSite,0.13352369006935239
P_ecstasy-d6-v2,Self,SelfSite,0.08675778681579516
P_ecstasy-d6-v3,Reader,SelfSite,0.08176457760713962
P_ecstasy-d6-v3,Self,SelfSite,0.07803105639918106
P_ecstasy-d6-v4,Reader,SelfSite,0.20374463178917246
P_ecstasy-d6-v4,Self,SelfSite,0.3036971045293917
P_loathing-d4-v1,Reader,SelfSite,0.551741056422363
P_loathing-d4-v1,Self,SelfSite,0.30948313794200843
P_loathing-d4-v2,Reader,SelfSite,1.7419386239473096
P_loathing-d4-v2,Self,SelfSite,1.9047967673458785
P_loathing-d4-v3,Reader,SelfSite,0.17406487644293134
P_loathing-d4-v3,Self,SelfSite,0.1687706488801537
P_loathing-d4-v4,Reader,SelfSite,0.1622060670944796
P_loathing-d4-v4,Self,SelfSite,0.06681552501014831
P_loathing-d5-v1,Reader,SelfSite,0.009856752995502926
P_loathing-d5-v1,Self,SelfSite,0.04064593517030746
P_loathing-d5-v2,Reader,SelfSite,0.08037066423847894
P_loathing-d5-v2,Self,SelfSite,0.06480065956021908
P_loathing-d5-v3,Reader,SelfSite,0.5076930651336351
P_loathing-d5-v3,Self,SelfSite,0.5236222288082488
P_loathing-d5-v4,Reader,SelfSite,0.24453659512395465
P_loathing-d5-v4,Self,SelfSite,0.034266210727153634
P_loathing-d6-v1,Reader,SelfSite,0.16388456010259578
P_loathing-d6-v1,Self,SelfSite,0.14201983305290922
P_loathing-d6-v2,Reader,SelfSite,0.35877058655452254
P_loathing-d6-v2,Self,SelfSite,0.22188847272179446
P_loathing-d6-v3,Reader,SelfSite,0.08199947161930332
P_loathing-d6-v3,Self,SelfSite,0.0012875340173521543
P_loathing-d6-v4,Reader,SelfSite,0.8296605822974246
P_loathing-d6-v4,Self,SelfSite,0.5865093309572591
P_amazement-d4-v1,Reader,SelfSite,0.9262969556598541
P_amazement-d4-v1,Self,SelfSite,0.6554861807472698
P_amazement-d4-v2,Reader,SelfSite,0.18491981970419813
P_amazement-d4-v2,Self,SelfSite,0.17759713739667737
P_amazement-d4-v3,Reader,SelfSite,0.03892149290200275
P_amazement-d4-v3,Self,SelfSite,0.2509396732777627
P_amazement-d4-v4,Reader,SelfSite,0.23845575944352415
P_amazement-d4-v4,Self,SelfSite,0.11233646460623348
P_amazement-d5-v1,Reader,SelfSite,0.13808942232012766
P_amazement-d5-v1,Self,SelfSite,0.08598799368331589
P_amazement-d5-v2,Reader,SelfSite,0.26805250569195116
P_amazement-d5-v2,Self,SelfSite,0.20312130509018123
P_amazement-d5-v3,Reader,SelfSite,0.1133437916542901
P_amazement-d5-v3,Self,SelfSite,0.25959089439794925
P_amazement-d5-v4,Reader,SelfSite,0.23356635635507983
P_amazement-d5-v4,Self,SelfSite,0.2814323054268093
P_amazement-d6-v1,Reader,SelfSite,0.0819450104674706
P_amazement-d6-v1,Self,SelfSite,0.012264393364646242
P_amazement-d6-v2,Reader,SelfSite,0.26918689410197105
P_amazement-d6-v2,Self,SelfSite,0.1054114538726103
P_amazement-d6-v3,Reader,SelfSite,0.7845639053831128
P_amazement-d6-v3,Self,SelfSite,0.5576498945123585
P_amazement-d6-v4,Reader,SelfSite,0.17292863331976016
P_amazement-d6-v4,Self,SelfSite,0.128734284997702
P_admiration-d4-v1,Reader,SelfSite,0.09645697852734747
P_admiration-d4-v1,Self,SelfSite,0.14442642811647888
P_admiration-d4-v2,Reader,SelfSite,0.9391691567072571
P_admiration-d4-v2,Self,SelfSite,0.9877365389553308
P_admiration-d4-v3,Reader,SelfSite,0.04461863518241205
P_admiration-d4-v3,Self,SelfSite,0.06523198317509937
P_admiration-d4-v4,Reader,SelfSite,0.6364533221253765
P_admiration-d4-v4,Self,SelfSite,0.0675592397273661
P_admiration-d5-v1,Reader,SelfSite,0.20935698337373587
P_admiration-d5-v1,Self,SelfSite,0.0011286976719433461
P_admiration-d5-v2,Reader,SelfSite,0.09064572009842653
P_admiration-d5-v2,Self,SelfSite,0.3122474582264301
P_admiration-d5-v3,Reader,SelfSite,0.16987522966433977
P_admiration-d5-v3,Self,SelfSite,0.3017565584628583
P_admiration-d5-v4,Reader,SelfSite,0.5603604802123296
P_admiration-d5-v4,Self,SelfSite,0.3037516429279874
P_admiration-d6-v1,Reader,SelfSite,0.6811201170370484
P_admiration-d6-v1,Self,SelfSite,0.45724299445767436
P_admiration-d6-v2,Reader,SelfSite,0.07312690214561846
P_admiration-d6-v2,Self,SelfSite,0.0271692858263215
P_admiration-d6-v3,Reader,SelfSite,0.25152768670339487
P_admiration-d6-v3,Self,SelfSite,0.04172434799483149
P_admiration-d6-v4,Reader,SelfSite,0.45091521401892787
P_admiration-d6-v4,Self,SelfSite,0.48036205767464657
P_vigilance-d4-v1,Reader,SelfSite,0.052662622858446584
P_vigilance-d4-v1,Self,SelfSite,0.00508290229048014
P_vigilance-d4-v2,Reader,SelfSite,0.20827407722979308
P_vigilance-d4-v2,Self,SelfSite,0.2019586620347873
P_vigilance-d4-v3,Reader,SelfSite,0.19313176798158516
P_vigilance-d4-v3,Self,SelfSite,0.0018434233341899642
P_vigilance-d4-v4,Reader,SelfSite,0.19004623165188805
P_vigilance-d4-v4,Self,SelfSite,0.379099256169082
P_vigilance-d5-v1,Reader,SelfSite,0.11841669882325156
P_vigilance-d5-v1,Self,SelfSite,0.17370487023029302
P_vigilance-d5-v2,Reader,SelfSite,0.012036468496106512
P_vigilance-d5-v2,Self,SelfSite,0.13080093972221363
P_vigilance-d5-v3,Reader,SelfSite,0.7094899283706524
P_vigilance-d5-v3,Self,SelfSite,0.5412754222535723
P_vigilance-d5-v4,Reader,SelfSite,0.22840935550754216
P_vigilance-d5-v4,Self,SelfSite,0.3135516286017461
P_vigilance-d6-v1,Reader,SelfSite,0.16396540055724573
P_vigilance-d6-v1,Self,SelfSite,0.15194738651959394
P_vigilance-d6-v2,Reader,SelfSite,0.016264347487066733
P_vigilance-d6-v2,Self,SelfSite,0.17960680335137313
P_vigilance-d6-v3,Reader,SelfSite,0.19371366301973225
P_vigilance-d6-v3,Self,SelfSite,0.18906128852555915
P_vigilance-d6-v4,Reader,SelfSite,0.7559429768043744
P_vigilance-d6-v4,Self,SelfSite,0.842815567349136
